model,mode,gate,arm,case,sgroup,D,outcome,p0,extra
meta-llama/Llama-3.2-3B,implicit,gate0,baseline,0,scarlet,3099490,CORRECT,0.796,
meta-llama/Llama-3.2-3B,implicit,gate0,abl_AB,0,scarlet,3099490,OTHER,0.8299,
meta-llama/Llama-3.2-3B,implicit,gate0,abl_BC,0,scarlet,3099490,CORRECT,0.7741,
meta-llama/Llama-3.2-3B,implicit,gate0,abl_CD,0,scarlet,3099490,WRONG_DISTRACTOR,0.8051,
meta-llama/Llama-3.2-3B,implicit,gate0,baseline,1,indigo,7364070,CORRECT,0.7492,
meta-llama/Llama-3.2-3B,implicit,gate0,abl_AB,1,indigo,7364070,CORRECT,0.7723,
meta-llama/Llama-3.2-3B,implicit,gate0,abl_BC,1,indigo,7364070,WRONG_DISTRACTOR,0.7866,
meta-llama/Llama-3.2-3B,implicit,gate0,abl_CD,1,indigo,7364070,WRONG_DISTRACTOR,0.7937,
meta-llama/Llama-3.2-3B,implicit,gate0,baseline,2,white,1776466,CORRECT,0.862,
meta-llama/Llama-3.2-3B,implicit,gate0,abl_AB,2,white,1776466,OTHER,0.8653,
meta-llama/Llama-3.2-3B,implicit,gate0,abl_BC,2,white,1776466,CORRECT,0.8703,
meta-llama/Llama-3.2-3B,implicit,gate0,abl_CD,2,white,1776466,WRONG_DISTRACTOR,0.8346,
meta-llama/Llama-3.2-3B,implicit,gate0,baseline,3,white,8035866,WRONG_DISTRACTOR,0.8082,
meta-llama/Llama-3.2-3B,implicit,gate0,abl_AB,3,white,8035866,CORRECT,0.8234,
meta-llama/Llama-3.2-3B,implicit,gate0,abl_BC,3,white,8035866,WRONG_DISTRACTOR,0.8382,
meta-llama/Llama-3.2-3B,implicit,gate0,abl_CD,3,white,8035866,WRONG_DISTRACTOR,0.7211,
meta-llama/Llama-3.2-3B,implicit,gate0,baseline,4,scarlet,6287951,WRONG_DISTRACTOR,0.7301,
meta-llama/Llama-3.2-3B,implicit,gate0,abl_AB,4,scarlet,6287951,WRONG_DISTRACTOR,0.7394,
meta-llama/Llama-3.2-3B,implicit,gate0,abl_BC,4,scarlet,6287951,WRONG_DISTRACTOR,0.7098,
meta-llama/Llama-3.2-3B,implicit,gate0,abl_CD,4,scarlet,6287951,WRONG_DISTRACTOR,0.7429,
meta-llama/Llama-3.2-3B,implicit,gate0,baseline,5,white,3430050,CORRECT,0.7599,
meta-llama/Llama-3.2-3B,implicit,gate0,abl_AB,5,white,3430050,CORRECT,0.7316,
meta-llama/Llama-3.2-3B,implicit,gate0,abl_BC,5,white,3430050,CORRECT,0.7576,
meta-llama/Llama-3.2-3B,implicit,gate0,abl_CD,5,white,3430050,WRONG_DISTRACTOR,0.7434,
meta-llama/Llama-3.2-3B,implicit,gate0,baseline,6,grey,3901988,CORRECT,0.8221,
meta-llama/Llama-3.2-3B,implicit,gate0,abl_AB,6,grey,3901988,WRONG_DISTRACTOR,0.8546,
meta-llama/Llama-3.2-3B,implicit,gate0,abl_BC,6,grey,3901988,CORRECT,0.838,
meta-llama/Llama-3.2-3B,implicit,gate0,abl_CD,6,grey,3901988,WRONG_DISTRACTOR,0.813,
meta-llama/Llama-3.2-3B,implicit,gate0,baseline,7,white,2951458,WRONG_DISTRACTOR,0.7505,
meta-llama/Llama-3.2-3B,implicit,gate0,abl_AB,7,white,2951458,OTHER,0.7847,
meta-llama/Llama-3.2-3B,implicit,gate0,abl_BC,7,white,2951458,WRONG_DISTRACTOR,0.7841,
meta-llama/Llama-3.2-3B,implicit,gate0,abl_CD,7,white,2951458,WRONG_DISTRACTOR,0.7139,
meta-llama/Llama-3.2-3B,implicit,gate0,baseline,8,navy,1592874,CORRECT,0.8362,
meta-llama/Llama-3.2-3B,implicit,gate0,abl_AB,8,navy,1592874,CORRECT,0.8277,
meta-llama/Llama-3.2-3B,implicit,gate0,abl_BC,8,navy,1592874,CORRECT,0.8457,
meta-llama/Llama-3.2-3B,implicit,gate0,abl_CD,8,navy,1592874,WRONG_DISTRACTOR,0.8083,
meta-llama/Llama-3.2-3B,implicit,gate0,baseline,9,teal,5993000,WRONG_DISTRACTOR,0.7555,
meta-llama/Llama-3.2-3B,implicit,gate0,abl_AB,9,teal,5993000,WRONG_DISTRACTOR,0.7465,
meta-llama/Llama-3.2-3B,implicit,gate0,abl_BC,9,teal,5993000,WRONG_DISTRACTOR,0.7641,
meta-llama/Llama-3.2-3B,implicit,gate0,abl_CD,9,teal,5993000,WRONG_DISTRACTOR,0.7593,
meta-llama/Llama-3.2-3B,implicit,gate0,baseline,10,black,4873453,CORRECT,0.799,
meta-llama/Llama-3.2-3B,implicit,gate0,abl_AB,10,black,4873453,OTHER,0.7943,
meta-llama/Llama-3.2-3B,implicit,gate0,abl_BC,10,black,4873453,CORRECT,0.7961,
meta-llama/Llama-3.2-3B,implicit,gate0,abl_CD,10,black,4873453,WRONG_DISTRACTOR,0.7968,
meta-llama/Llama-3.2-3B,implicit,gate0,baseline,11,crimson,8953739,WRONG_DISTRACTOR,0.7444,
meta-llama/Llama-3.2-3B,implicit,gate0,abl_AB,11,crimson,8953739,OTHER,0.7555,
meta-llama/Llama-3.2-3B,implicit,gate0,abl_BC,11,crimson,8953739,WRONG_DISTRACTOR,0.792,
meta-llama/Llama-3.2-3B,implicit,gate0,abl_CD,11,crimson,8953739,WRONG_DISTRACTOR,0.7405,
meta-llama/Llama-3.2-3B,implicit,gate0,baseline,12,red,9676148,WRONG_DISTRACTOR,0.8472,
meta-llama/Llama-3.2-3B,implicit,gate0,abl_AB,12,red,9676148,WRONG_DISTRACTOR,0.8462,
meta-llama/Llama-3.2-3B,implicit,gate0,abl_BC,12,red,9676148,WRONG_DISTRACTOR,0.8437,
meta-llama/Llama-3.2-3B,implicit,gate0,abl_CD,12,red,9676148,WRONG_DISTRACTOR,0.8095,
meta-llama/Llama-3.2-3B,implicit,gate0,baseline,13,teal,9603810,WRONG_DISTRACTOR,0.8019,
meta-llama/Llama-3.2-3B,implicit,gate0,abl_AB,13,teal,9603810,CORRECT,0.8212,
meta-llama/Llama-3.2-3B,implicit,gate0,abl_BC,13,teal,9603810,WRONG_DISTRACTOR,0.8251,
meta-llama/Llama-3.2-3B,implicit,gate0,abl_CD,13,teal,9603810,WRONG_DISTRACTOR,0.8046,
meta-llama/Llama-3.2-3B,implicit,gate0,baseline,14,maroon,8292567,WRONG_DISTRACTOR,0.7979,
meta-llama/Llama-3.2-3B,implicit,gate0,abl_AB,14,maroon,8292567,WRONG_DISTRACTOR,0.7763,
meta-llama/Llama-3.2-3B,implicit,gate0,abl_BC,14,maroon,8292567,WRONG_DISTRACTOR,0.8141,
meta-llama/Llama-3.2-3B,implicit,gate0,abl_CD,14,maroon,8292567,WRONG_DISTRACTOR,0.7992,
meta-llama/Llama-3.2-3B,implicit,gate0,baseline,15,copper,7334003,WRONG_DISTRACTOR,0.8172,
meta-llama/Llama-3.2-3B,implicit,gate0,abl_AB,15,copper,7334003,WRONG_DISTRACTOR,0.7982,
meta-llama/Llama-3.2-3B,implicit,gate0,abl_BC,15,copper,7334003,WRONG_DISTRACTOR,0.804,
meta-llama/Llama-3.2-3B,implicit,gate0,abl_CD,15,copper,7334003,WRONG_DISTRACTOR,0.8086,
meta-llama/Llama-3.2-3B,implicit,gate0,baseline,16,green,7388902,WRONG_DISTRACTOR,0.7817,
meta-llama/Llama-3.2-3B,implicit,gate0,abl_AB,16,green,7388902,OTHER,0.7766,
meta-llama/Llama-3.2-3B,implicit,gate0,abl_BC,16,green,7388902,WRONG_DISTRACTOR,0.797,
meta-llama/Llama-3.2-3B,implicit,gate0,abl_CD,16,green,7388902,WRONG_DISTRACTOR,0.7198,
meta-llama/Llama-3.2-3B,implicit,gate0,baseline,17,crimson,1159943,CORRECT,0.7934,
meta-llama/Llama-3.2-3B,implicit,gate0,abl_AB,17,crimson,1159943,OTHER,0.7742,
meta-llama/Llama-3.2-3B,implicit,gate0,abl_BC,17,crimson,1159943,CORRECT,0.7837,
meta-llama/Llama-3.2-3B,implicit,gate0,abl_CD,17,crimson,1159943,WRONG_DISTRACTOR,0.7708,
meta-llama/Llama-3.2-3B,implicit,gate0,baseline,18,white,8070402,WRONG_DISTRACTOR,0.7698,
meta-llama/Llama-3.2-3B,implicit,gate0,abl_AB,18,white,8070402,WRONG_DISTRACTOR,0.786,
meta-llama/Llama-3.2-3B,implicit,gate0,abl_BC,18,white,8070402,WRONG_DISTRACTOR,0.8002,
meta-llama/Llama-3.2-3B,implicit,gate0,abl_CD,18,white,8070402,WRONG_DISTRACTOR,0.7886,
meta-llama/Llama-3.2-3B,implicit,gate0,baseline,19,black,8977885,WRONG_DISTRACTOR,0.7821,
meta-llama/Llama-3.2-3B,implicit,gate0,abl_AB,19,black,8977885,WRONG_DISTRACTOR,0.7894,
meta-llama/Llama-3.2-3B,implicit,gate0,abl_BC,19,black,8977885,WRONG_DISTRACTOR,0.7753,
meta-llama/Llama-3.2-3B,implicit,gate0,abl_CD,19,black,8977885,WRONG_DISTRACTOR,0.7555,
meta-llama/Llama-3.2-3B,implicit,gate0,baseline,20,maroon,1920912,WRONG_DISTRACTOR,0.8391,
meta-llama/Llama-3.2-3B,implicit,gate0,abl_AB,20,maroon,1920912,WRONG_DISTRACTOR,0.8389,
meta-llama/Llama-3.2-3B,implicit,gate0,abl_BC,20,maroon,1920912,WRONG_DISTRACTOR,0.8326,
meta-llama/Llama-3.2-3B,implicit,gate0,abl_CD,20,maroon,1920912,WRONG_DISTRACTOR,0.8486,
meta-llama/Llama-3.2-3B,implicit,gate0,baseline,21,olive,6261778,WRONG_DISTRACTOR,0.7904,
meta-llama/Llama-3.2-3B,implicit,gate0,abl_AB,21,olive,6261778,WRONG_DISTRACTOR,0.8241,
meta-llama/Llama-3.2-3B,implicit,gate0,abl_BC,21,olive,6261778,WRONG_DISTRACTOR,0.7955,
meta-llama/Llama-3.2-3B,implicit,gate0,abl_CD,21,olive,6261778,WRONG_DISTRACTOR,0.7906,
meta-llama/Llama-3.2-3B,implicit,gate0,baseline,22,black,4767327,CORRECT,0.7822,
meta-llama/Llama-3.2-3B,implicit,gate0,abl_AB,22,black,4767327,OTHER,0.7953,
meta-llama/Llama-3.2-3B,implicit,gate0,abl_BC,22,black,4767327,CORRECT,0.7934,
meta-llama/Llama-3.2-3B,implicit,gate0,abl_CD,22,black,4767327,WRONG_DISTRACTOR,0.7622,
meta-llama/Llama-3.2-3B,implicit,gate0,baseline,23,indigo,9899117,WRONG_DISTRACTOR,0.7496,
meta-llama/Llama-3.2-3B,implicit,gate0,abl_AB,23,indigo,9899117,CORRECT,0.725,
meta-llama/Llama-3.2-3B,implicit,gate0,abl_BC,23,indigo,9899117,WRONG_DISTRACTOR,0.7791,
meta-llama/Llama-3.2-3B,implicit,gate0,abl_CD,23,indigo,9899117,WRONG_DISTRACTOR,0.764,
meta-llama/Llama-3.2-3B,implicit,gate0,baseline,24,ivory,1948731,WRONG_DISTRACTOR,0.8341,
meta-llama/Llama-3.2-3B,implicit,gate0,abl_AB,24,ivory,1948731,CORRECT,0.8404,
meta-llama/Llama-3.2-3B,implicit,gate0,abl_BC,24,ivory,1948731,WRONG_DISTRACTOR,0.8384,
meta-llama/Llama-3.2-3B,implicit,gate0,abl_CD,24,ivory,1948731,WRONG_DISTRACTOR,0.8113,
meta-llama/Llama-3.2-3B,implicit,gate0,baseline,25,grey,8827166,WRONG_DISTRACTOR,0.7556,
meta-llama/Llama-3.2-3B,implicit,gate0,abl_AB,25,grey,8827166,WRONG_DISTRACTOR,0.7559,
meta-llama/Llama-3.2-3B,implicit,gate0,abl_BC,25,grey,8827166,WRONG_DISTRACTOR,0.7506,
meta-llama/Llama-3.2-3B,implicit,gate0,abl_CD,25,grey,8827166,WRONG_DISTRACTOR,0.7389,
meta-llama/Llama-3.2-3B,implicit,gate0,baseline,26,green,2451349,CORRECT,0.8013,
meta-llama/Llama-3.2-3B,implicit,gate0,abl_AB,26,green,2451349,CORRECT,0.8025,
meta-llama/Llama-3.2-3B,implicit,gate0,abl_BC,26,green,2451349,CORRECT,0.798,
meta-llama/Llama-3.2-3B,implicit,gate0,abl_CD,26,green,2451349,WRONG_DISTRACTOR,0.7598,
meta-llama/Llama-3.2-3B,implicit,gate0,baseline,27,grey,1348652,WRONG_DISTRACTOR,0.754,
meta-llama/Llama-3.2-3B,implicit,gate0,abl_AB,27,grey,1348652,OTHER,0.792,
meta-llama/Llama-3.2-3B,implicit,gate0,abl_BC,27,grey,1348652,CORRECT,0.7698,
meta-llama/Llama-3.2-3B,implicit,gate0,abl_CD,27,grey,1348652,WRONG_DISTRACTOR,0.7593,
meta-llama/Llama-3.2-3B,implicit,gate0,baseline,28,maroon,1303623,WRONG_DISTRACTOR,0.7851,
meta-llama/Llama-3.2-3B,implicit,gate0,abl_AB,28,maroon,1303623,OTHER,0.8423,
meta-llama/Llama-3.2-3B,implicit,gate0,abl_BC,28,maroon,1303623,WRONG_DISTRACTOR,0.8022,
meta-llama/Llama-3.2-3B,implicit,gate0,abl_CD,28,maroon,1303623,WRONG_DISTRACTOR,0.7596,
meta-llama/Llama-3.2-3B,implicit,gate0,baseline,29,crimson,7653391,WRONG_DISTRACTOR,0.7896,
meta-llama/Llama-3.2-3B,implicit,gate0,abl_AB,29,crimson,7653391,OTHER,0.7666,
meta-llama/Llama-3.2-3B,implicit,gate0,abl_BC,29,crimson,7653391,WRONG_DISTRACTOR,0.7759,
meta-llama/Llama-3.2-3B,implicit,gate0,abl_CD,29,crimson,7653391,WRONG_DISTRACTOR,0.7852,
meta-llama/Llama-3.2-3B,implicit,gate0,baseline,30,violet,5697356,WRONG_DISTRACTOR,0.7574,
meta-llama/Llama-3.2-3B,implicit,gate0,abl_AB,30,violet,5697356,OTHER,0.7512,
meta-llama/Llama-3.2-3B,implicit,gate0,abl_BC,30,violet,5697356,WRONG_DISTRACTOR,0.7286,
meta-llama/Llama-3.2-3B,implicit,gate0,abl_CD,30,violet,5697356,WRONG_DISTRACTOR,0.7733,
meta-llama/Llama-3.2-3B,implicit,gate0,baseline,31,black,7216407,CORRECT,0.8051,
meta-llama/Llama-3.2-3B,implicit,gate0,abl_AB,31,black,7216407,WRONG_DISTRACTOR,0.8175,
meta-llama/Llama-3.2-3B,implicit,gate0,abl_BC,31,black,7216407,CORRECT,0.7885,
meta-llama/Llama-3.2-3B,implicit,gate0,abl_CD,31,black,7216407,WRONG_DISTRACTOR,0.8071,
meta-llama/Llama-3.2-3B,implicit,gate0,baseline,32,maroon,7065828,WRONG_DISTRACTOR,0.7495,
meta-llama/Llama-3.2-3B,implicit,gate0,abl_AB,32,maroon,7065828,WRONG_DISTRACTOR,0.7931,
meta-llama/Llama-3.2-3B,implicit,gate0,abl_BC,32,maroon,7065828,WRONG_DISTRACTOR,0.7331,
meta-llama/Llama-3.2-3B,implicit,gate0,abl_CD,32,maroon,7065828,WRONG_DISTRACTOR,0.7597,
meta-llama/Llama-3.2-3B,implicit,gate0,baseline,33,black,5805715,WRONG_DISTRACTOR,0.7827,
meta-llama/Llama-3.2-3B,implicit,gate0,abl_AB,33,black,5805715,WRONG_DISTRACTOR,0.7839,
meta-llama/Llama-3.2-3B,implicit,gate0,abl_BC,33,black,5805715,WRONG_DISTRACTOR,0.7791,
meta-llama/Llama-3.2-3B,implicit,gate0,abl_CD,33,black,5805715,WRONG_DISTRACTOR,0.7661,
meta-llama/Llama-3.2-3B,implicit,gate0,baseline,34,scarlet,5713498,WRONG_DISTRACTOR,0.8004,
meta-llama/Llama-3.2-3B,implicit,gate0,abl_AB,34,scarlet,5713498,WRONG_DISTRACTOR,0.8133,
meta-llama/Llama-3.2-3B,implicit,gate0,abl_BC,34,scarlet,5713498,WRONG_DISTRACTOR,0.8171,
meta-llama/Llama-3.2-3B,implicit,gate0,abl_CD,34,scarlet,5713498,WRONG_DISTRACTOR,0.8084,
meta-llama/Llama-3.2-3B,implicit,gate0,baseline,35,scarlet,3146044,CORRECT,0.7451,
meta-llama/Llama-3.2-3B,implicit,gate0,abl_AB,35,scarlet,3146044,CORRECT,0.7801,
meta-llama/Llama-3.2-3B,implicit,gate0,abl_BC,35,scarlet,3146044,WRONG_DISTRACTOR,0.7475,
meta-llama/Llama-3.2-3B,implicit,gate0,abl_CD,35,scarlet,3146044,WRONG_DISTRACTOR,0.7955,
meta-llama/Llama-3.2-3B,implicit,gate0,baseline,36,indigo,5772917,WRONG_DISTRACTOR,0.854,
meta-llama/Llama-3.2-3B,implicit,gate0,abl_AB,36,indigo,5772917,WRONG_DISTRACTOR,0.8453,
meta-llama/Llama-3.2-3B,implicit,gate0,abl_BC,36,indigo,5772917,WRONG_DISTRACTOR,0.8612,
meta-llama/Llama-3.2-3B,implicit,gate0,abl_CD,36,indigo,5772917,WRONG_DISTRACTOR,0.7566,
meta-llama/Llama-3.2-3B,implicit,gate0,baseline,37,ivory,6151849,WRONG_DISTRACTOR,0.8658,
meta-llama/Llama-3.2-3B,implicit,gate0,abl_AB,37,ivory,6151849,WRONG_DISTRACTOR,0.8716,
meta-llama/Llama-3.2-3B,implicit,gate0,abl_BC,37,ivory,6151849,WRONG_DISTRACTOR,0.8711,
meta-llama/Llama-3.2-3B,implicit,gate0,abl_CD,37,ivory,6151849,WRONG_DISTRACTOR,0.8588,
meta-llama/Llama-3.2-3B,implicit,gate0,baseline,38,bronze,1743312,WRONG_DISTRACTOR,0.8396,
meta-llama/Llama-3.2-3B,implicit,gate0,abl_AB,38,bronze,1743312,CORRECT,0.8389,
meta-llama/Llama-3.2-3B,implicit,gate0,abl_BC,38,bronze,1743312,WRONG_DISTRACTOR,0.8388,
meta-llama/Llama-3.2-3B,implicit,gate0,abl_CD,38,bronze,1743312,WRONG_DISTRACTOR,0.831,
meta-llama/Llama-3.2-3B,implicit,gate0,baseline,39,white,1067738,CORRECT,0.8555,
meta-llama/Llama-3.2-3B,implicit,gate0,abl_AB,39,white,1067738,CORRECT,0.8515,
meta-llama/Llama-3.2-3B,implicit,gate0,abl_BC,39,white,1067738,CORRECT,0.857,
meta-llama/Llama-3.2-3B,implicit,gate0,abl_CD,39,white,1067738,WRONG_DISTRACTOR,0.8461,
meta-llama/Llama-3.2-3B,implicit,gate0,baseline,40,scarlet,2439594,WRONG_DISTRACTOR,0.7346,
meta-llama/Llama-3.2-3B,implicit,gate0,abl_AB,40,scarlet,2439594,WRONG_DISTRACTOR,0.7414,
meta-llama/Llama-3.2-3B,implicit,gate0,abl_BC,40,scarlet,2439594,WRONG_DISTRACTOR,0.7374,
meta-llama/Llama-3.2-3B,implicit,gate0,abl_CD,40,scarlet,2439594,WRONG_DISTRACTOR,0.7977,
meta-llama/Llama-3.2-3B,implicit,gate0,baseline,41,grey,4162380,CORRECT,0.8121,
meta-llama/Llama-3.2-3B,implicit,gate0,abl_AB,41,grey,4162380,WRONG_DISTRACTOR,0.8041,
meta-llama/Llama-3.2-3B,implicit,gate0,abl_BC,41,grey,4162380,CORRECT,0.8623,
meta-llama/Llama-3.2-3B,implicit,gate0,abl_CD,41,grey,4162380,WRONG_DISTRACTOR,0.8273,
meta-llama/Llama-3.2-3B,implicit,gate0,baseline,42,bronze,7645954,CORRECT,0.8534,
meta-llama/Llama-3.2-3B,implicit,gate0,abl_AB,42,bronze,7645954,CORRECT,0.8606,
meta-llama/Llama-3.2-3B,implicit,gate0,abl_BC,42,bronze,7645954,WRONG_DISTRACTOR,0.8504,
meta-llama/Llama-3.2-3B,implicit,gate0,abl_CD,42,bronze,7645954,WRONG_DISTRACTOR,0.7796,
meta-llama/Llama-3.2-3B,implicit,gate0,baseline,43,white,2618759,CORRECT,0.8508,
meta-llama/Llama-3.2-3B,implicit,gate0,abl_AB,43,white,2618759,WRONG_DISTRACTOR,0.8569,
meta-llama/Llama-3.2-3B,implicit,gate0,abl_BC,43,white,2618759,CORRECT,0.8531,
meta-llama/Llama-3.2-3B,implicit,gate0,abl_CD,43,white,2618759,WRONG_DISTRACTOR,0.8349,
meta-llama/Llama-3.2-3B,implicit,gate0,baseline,44,grey,1066539,CORRECT,0.7708,
meta-llama/Llama-3.2-3B,implicit,gate0,abl_AB,44,grey,1066539,CORRECT,0.7418,
meta-llama/Llama-3.2-3B,implicit,gate0,abl_BC,44,grey,1066539,CORRECT,0.7784,
meta-llama/Llama-3.2-3B,implicit,gate0,abl_CD,44,grey,1066539,WRONG_DISTRACTOR,0.7888,
meta-llama/Llama-3.2-3B,implicit,gate0,baseline,45,teal,4795090,WRONG_DISTRACTOR,0.7692,
meta-llama/Llama-3.2-3B,implicit,gate0,abl_AB,45,teal,4795090,WRONG_DISTRACTOR,0.7644,
meta-llama/Llama-3.2-3B,implicit,gate0,abl_BC,45,teal,4795090,WRONG_DISTRACTOR,0.7784,
meta-llama/Llama-3.2-3B,implicit,gate0,abl_CD,45,teal,4795090,WRONG_DISTRACTOR,0.759,
meta-llama/Llama-3.2-3B,implicit,gate0,baseline,46,navy,1349608,WRONG_DISTRACTOR,0.854,
meta-llama/Llama-3.2-3B,implicit,gate0,abl_AB,46,navy,1349608,WRONG_DISTRACTOR,0.8199,
meta-llama/Llama-3.2-3B,implicit,gate0,abl_BC,46,navy,1349608,WRONG_DISTRACTOR,0.8582,
meta-llama/Llama-3.2-3B,implicit,gate0,abl_CD,46,navy,1349608,WRONG_DISTRACTOR,0.8591,
meta-llama/Llama-3.2-3B,implicit,gate0,baseline,47,black,3634599,WRONG_DISTRACTOR,0.8073,
meta-llama/Llama-3.2-3B,implicit,gate0,abl_AB,47,black,3634599,WRONG_DISTRACTOR,0.8155,
meta-llama/Llama-3.2-3B,implicit,gate0,abl_BC,47,black,3634599,WRONG_DISTRACTOR,0.8175,
meta-llama/Llama-3.2-3B,implicit,gate0,abl_CD,47,black,3634599,WRONG_DISTRACTOR,0.8256,
meta-llama/Llama-3.2-3B,implicit,gate0,baseline,48,violet,9455034,WRONG_DISTRACTOR,0.7744,
meta-llama/Llama-3.2-3B,implicit,gate0,abl_AB,48,violet,9455034,WRONG_DISTRACTOR,0.7857,
meta-llama/Llama-3.2-3B,implicit,gate0,abl_BC,48,violet,9455034,WRONG_DISTRACTOR,0.7697,
meta-llama/Llama-3.2-3B,implicit,gate0,abl_CD,48,violet,9455034,WRONG_DISTRACTOR,0.7777,
meta-llama/Llama-3.2-3B,implicit,gate0,baseline,49,scarlet,6012756,WRONG_DISTRACTOR,0.7844,
meta-llama/Llama-3.2-3B,implicit,gate0,abl_AB,49,scarlet,6012756,OTHER,0.8148,
meta-llama/Llama-3.2-3B,implicit,gate0,abl_BC,49,scarlet,6012756,WRONG_DISTRACTOR,0.7875,
meta-llama/Llama-3.2-3B,implicit,gate0,abl_CD,49,scarlet,6012756,WRONG_DISTRACTOR,0.7712,
meta-llama/Llama-3.2-3B,implicit,gate0,baseline,50,amber,5248831,WRONG_DISTRACTOR,0.7799,
meta-llama/Llama-3.2-3B,implicit,gate0,abl_AB,50,amber,5248831,WRONG_DISTRACTOR,0.7648,
meta-llama/Llama-3.2-3B,implicit,gate0,abl_BC,50,amber,5248831,WRONG_DISTRACTOR,0.7882,
meta-llama/Llama-3.2-3B,implicit,gate0,abl_CD,50,amber,5248831,WRONG_DISTRACTOR,0.7778,
meta-llama/Llama-3.2-3B,implicit,gate0,baseline,51,red,1659098,WRONG_DISTRACTOR,0.7534,
meta-llama/Llama-3.2-3B,implicit,gate0,abl_AB,51,red,1659098,WRONG_DISTRACTOR,0.7678,
meta-llama/Llama-3.2-3B,implicit,gate0,abl_BC,51,red,1659098,WRONG_DISTRACTOR,0.7944,
meta-llama/Llama-3.2-3B,implicit,gate0,abl_CD,51,red,1659098,WRONG_DISTRACTOR,0.7432,
meta-llama/Llama-3.2-3B,implicit,gate0,baseline,52,scarlet,4654188,WRONG_DISTRACTOR,0.7861,
meta-llama/Llama-3.2-3B,implicit,gate0,abl_AB,52,scarlet,4654188,CORRECT,0.7415,
meta-llama/Llama-3.2-3B,implicit,gate0,abl_BC,52,scarlet,4654188,WRONG_DISTRACTOR,0.7898,
meta-llama/Llama-3.2-3B,implicit,gate0,abl_CD,52,scarlet,4654188,WRONG_DISTRACTOR,0.8232,
meta-llama/Llama-3.2-3B,implicit,gate0,baseline,53,blue,7515983,CORRECT,0.7652,
meta-llama/Llama-3.2-3B,implicit,gate0,abl_AB,53,blue,7515983,WRONG_DISTRACTOR,0.7698,
meta-llama/Llama-3.2-3B,implicit,gate0,abl_BC,53,blue,7515983,CORRECT,0.7705,
meta-llama/Llama-3.2-3B,implicit,gate0,abl_CD,53,blue,7515983,WRONG_DISTRACTOR,0.7659,
meta-llama/Llama-3.2-3B,implicit,gate0,baseline,54,navy,1495937,CORRECT,0.8463,
meta-llama/Llama-3.2-3B,implicit,gate0,abl_AB,54,navy,1495937,CORRECT,0.8605,
meta-llama/Llama-3.2-3B,implicit,gate0,abl_BC,54,navy,1495937,CORRECT,0.8444,
meta-llama/Llama-3.2-3B,implicit,gate0,abl_CD,54,navy,1495937,WRONG_DISTRACTOR,0.8125,
meta-llama/Llama-3.2-3B,implicit,gate0,baseline,55,ivory,4195089,CORRECT,0.7614,
meta-llama/Llama-3.2-3B,implicit,gate0,abl_AB,55,ivory,4195089,WRONG_DISTRACTOR,0.7769,
meta-llama/Llama-3.2-3B,implicit,gate0,abl_BC,55,ivory,4195089,CORRECT,0.768,
meta-llama/Llama-3.2-3B,implicit,gate0,abl_CD,55,ivory,4195089,WRONG_DISTRACTOR,0.7113,
meta-llama/Llama-3.2-3B,implicit,gate0,baseline,56,ivory,5476179,CORRECT,0.763,
meta-llama/Llama-3.2-3B,implicit,gate0,abl_AB,56,ivory,5476179,CORRECT,0.7843,
meta-llama/Llama-3.2-3B,implicit,gate0,abl_BC,56,ivory,5476179,CORRECT,0.7718,
meta-llama/Llama-3.2-3B,implicit,gate0,abl_CD,56,ivory,5476179,WRONG_DISTRACTOR,0.7356,
meta-llama/Llama-3.2-3B,implicit,gate0,baseline,57,ivory,7492530,WRONG_DISTRACTOR,0.8109,
meta-llama/Llama-3.2-3B,implicit,gate0,abl_AB,57,ivory,7492530,WRONG_DISTRACTOR,0.7883,
meta-llama/Llama-3.2-3B,implicit,gate0,abl_BC,57,ivory,7492530,WRONG_DISTRACTOR,0.8127,
meta-llama/Llama-3.2-3B,implicit,gate0,abl_CD,57,ivory,7492530,WRONG_DISTRACTOR,0.7939,
meta-llama/Llama-3.2-3B,implicit,gate0,baseline,58,navy,5893206,WRONG_DISTRACTOR,0.8388,
meta-llama/Llama-3.2-3B,implicit,gate0,abl_AB,58,navy,5893206,CORRECT,0.8283,
meta-llama/Llama-3.2-3B,implicit,gate0,abl_BC,58,navy,5893206,WRONG_DISTRACTOR,0.8609,
meta-llama/Llama-3.2-3B,implicit,gate0,abl_CD,58,navy,5893206,WRONG_DISTRACTOR,0.7983,
meta-llama/Llama-3.2-3B,implicit,gate0,baseline,59,bronze,4714574,WRONG_DISTRACTOR,0.776,
meta-llama/Llama-3.2-3B,implicit,gate0,abl_AB,59,bronze,4714574,WRONG_DISTRACTOR,0.8023,
meta-llama/Llama-3.2-3B,implicit,gate0,abl_BC,59,bronze,4714574,WRONG_DISTRACTOR,0.7753,
meta-llama/Llama-3.2-3B,implicit,gate0,abl_CD,59,bronze,4714574,WRONG_DISTRACTOR,0.8217,
meta-llama/Llama-3.2-3B,implicit,gate1,baseline,0,scarlet,3099490,CORRECT,0.796,
meta-llama/Llama-3.2-3B,implicit,gate1,D1_deliverD,0,scarlet,3099490,CORRECT,0.8685,
meta-llama/Llama-3.2-3B,implicit,gate1,D2_trueB,0,scarlet,3099490,CORRECT,0.812,
meta-llama/Llama-3.2-3B,implicit,gate1,corr_AB,0,scarlet,3099490,STILL_D,0.7984,cw=8699247
meta-llama/Llama-3.2-3B,implicit,gate1,corr_BC,0,scarlet,3099490,STILL_D,0.797,cw=8699247
meta-llama/Llama-3.2-3B,implicit,gate1,corr_CD,0,scarlet,3099490,FOLLOWED_FALSE,0.7802,cw=8699247
meta-llama/Llama-3.2-3B,implicit,gate1,baseline,1,indigo,7364070,CORRECT,0.7492,
meta-llama/Llama-3.2-3B,implicit,gate1,D1_deliverD,1,indigo,7364070,CORRECT,0.8066,
meta-llama/Llama-3.2-3B,implicit,gate1,D2_trueB,1,indigo,7364070,CORRECT,0.8166,
meta-llama/Llama-3.2-3B,implicit,gate1,corr_AB,1,indigo,7364070,STILL_D,0.7428,cw=8121741
meta-llama/Llama-3.2-3B,implicit,gate1,corr_BC,1,indigo,7364070,STILL_D,0.7301,cw=8121741
meta-llama/Llama-3.2-3B,implicit,gate1,corr_CD,1,indigo,7364070,OTHER,0.7427,cw=8121741
meta-llama/Llama-3.2-3B,implicit,gate1,baseline,2,white,1776466,CORRECT,0.862,
meta-llama/Llama-3.2-3B,implicit,gate1,D1_deliverD,2,white,1776466,CORRECT,0.8893,
meta-llama/Llama-3.2-3B,implicit,gate1,D2_trueB,2,white,1776466,CORRECT,0.8762,
meta-llama/Llama-3.2-3B,implicit,gate1,corr_AB,2,white,1776466,STILL_D,0.8502,cw=6542363
meta-llama/Llama-3.2-3B,implicit,gate1,corr_BC,2,white,1776466,STILL_D,0.8624,cw=6542363
meta-llama/Llama-3.2-3B,implicit,gate1,corr_CD,2,white,1776466,FOLLOWED_FALSE,0.8527,cw=6542363
meta-llama/Llama-3.2-3B,implicit,gate1,baseline,3,white,8035866,WRONG_DISTRACTOR,0.8082,
meta-llama/Llama-3.2-3B,implicit,gate1,D1_deliverD,3,white,8035866,CORRECT,0.8753,
meta-llama/Llama-3.2-3B,implicit,gate1,D2_trueB,3,white,8035866,WRONG_DISTRACTOR,0.8147,
meta-llama/Llama-3.2-3B,implicit,gate1,corr_AB,3,white,8035866,STILL_D,0.8035,cw=8014463
meta-llama/Llama-3.2-3B,implicit,gate1,corr_BC,3,white,8035866,STILL_D,0.8071,cw=8014463
meta-llama/Llama-3.2-3B,implicit,gate1,corr_CD,3,white,8035866,FOLLOWED_FALSE,0.8107,cw=8014463
meta-llama/Llama-3.2-3B,implicit,gate1,baseline,4,scarlet,6287951,WRONG_DISTRACTOR,0.7301,
meta-llama/Llama-3.2-3B,implicit,gate1,D1_deliverD,4,scarlet,6287951,CORRECT,0.8047,
meta-llama/Llama-3.2-3B,implicit,gate1,D2_trueB,4,scarlet,6287951,WRONG_DISTRACTOR,0.7759,
meta-llama/Llama-3.2-3B,implicit,gate1,corr_AB,4,scarlet,6287951,OTHER,0.7256,cw=1964016
meta-llama/Llama-3.2-3B,implicit,gate1,corr_BC,4,scarlet,6287951,FOLLOWED_FALSE,0.7544,cw=1964016
meta-llama/Llama-3.2-3B,implicit,gate1,corr_CD,4,scarlet,6287951,OTHER,0.7337,cw=1964016
meta-llama/Llama-3.2-3B,implicit,gate1,baseline,5,white,3430050,CORRECT,0.7599,
meta-llama/Llama-3.2-3B,implicit,gate1,D1_deliverD,5,white,3430050,CORRECT,0.8571,
meta-llama/Llama-3.2-3B,implicit,gate1,D2_trueB,5,white,3430050,CORRECT,0.7866,
meta-llama/Llama-3.2-3B,implicit,gate1,corr_AB,5,white,3430050,STILL_D,0.7591,cw=9412455
meta-llama/Llama-3.2-3B,implicit,gate1,corr_BC,5,white,3430050,STILL_D,0.7486,cw=9412455
meta-llama/Llama-3.2-3B,implicit,gate1,corr_CD,5,white,3430050,FOLLOWED_FALSE,0.7572,cw=9412455
meta-llama/Llama-3.2-3B,implicit,gate1,baseline,6,grey,3901988,CORRECT,0.8221,
meta-llama/Llama-3.2-3B,implicit,gate1,D1_deliverD,6,grey,3901988,CORRECT,0.8678,
meta-llama/Llama-3.2-3B,implicit,gate1,D2_trueB,6,grey,3901988,CORRECT,0.8451,
meta-llama/Llama-3.2-3B,implicit,gate1,corr_AB,6,grey,3901988,STILL_D,0.8288,cw=9651176
meta-llama/Llama-3.2-3B,implicit,gate1,corr_BC,6,grey,3901988,STILL_D,0.8265,cw=9651176
meta-llama/Llama-3.2-3B,implicit,gate1,corr_CD,6,grey,3901988,OTHER,0.8332,cw=9651176
meta-llama/Llama-3.2-3B,implicit,gate1,baseline,7,white,2951458,WRONG_DISTRACTOR,0.7505,
meta-llama/Llama-3.2-3B,implicit,gate1,D1_deliverD,7,white,2951458,CORRECT,0.8357,
meta-llama/Llama-3.2-3B,implicit,gate1,D2_trueB,7,white,2951458,WRONG_DISTRACTOR,0.7869,
meta-llama/Llama-3.2-3B,implicit,gate1,corr_AB,7,white,2951458,STILL_D,0.7614,cw=1195470
meta-llama/Llama-3.2-3B,implicit,gate1,corr_BC,7,white,2951458,FOLLOWED_FALSE,0.7497,cw=1195470
meta-llama/Llama-3.2-3B,implicit,gate1,corr_CD,7,white,2951458,FOLLOWED_FALSE,0.7774,cw=1195470
meta-llama/Llama-3.2-3B,implicit,gate1,baseline,8,navy,1592874,CORRECT,0.8362,
meta-llama/Llama-3.2-3B,implicit,gate1,D1_deliverD,8,navy,1592874,CORRECT,0.9064,
meta-llama/Llama-3.2-3B,implicit,gate1,D2_trueB,8,navy,1592874,CORRECT,0.8773,
meta-llama/Llama-3.2-3B,implicit,gate1,corr_AB,8,navy,1592874,STILL_D,0.8605,cw=3285667
meta-llama/Llama-3.2-3B,implicit,gate1,corr_BC,8,navy,1592874,STILL_D,0.8511,cw=3285667
meta-llama/Llama-3.2-3B,implicit,gate1,corr_CD,8,navy,1592874,FOLLOWED_FALSE,0.8474,cw=3285667
meta-llama/Llama-3.2-3B,implicit,gate1,baseline,9,teal,5993000,WRONG_DISTRACTOR,0.7555,
meta-llama/Llama-3.2-3B,implicit,gate1,D1_deliverD,9,teal,5993000,CORRECT,0.8515,
meta-llama/Llama-3.2-3B,implicit,gate1,D2_trueB,9,teal,5993000,WRONG_DISTRACTOR,0.8232,
meta-llama/Llama-3.2-3B,implicit,gate1,corr_AB,9,teal,5993000,OTHER,0.7668,cw=8426465
meta-llama/Llama-3.2-3B,implicit,gate1,corr_BC,9,teal,5993000,OTHER,0.768,cw=8426465
meta-llama/Llama-3.2-3B,implicit,gate1,corr_CD,9,teal,5993000,OTHER,0.7528,cw=8426465
meta-llama/Llama-3.2-3B,implicit,gate1,baseline,10,black,4873453,CORRECT,0.799,
meta-llama/Llama-3.2-3B,implicit,gate1,D1_deliverD,10,black,4873453,CORRECT,0.8327,
meta-llama/Llama-3.2-3B,implicit,gate1,D2_trueB,10,black,4873453,CORRECT,0.7934,
meta-llama/Llama-3.2-3B,implicit,gate1,corr_AB,10,black,4873453,STILL_D,0.8099,cw=5392241
meta-llama/Llama-3.2-3B,implicit,gate1,corr_BC,10,black,4873453,STILL_D,0.8048,cw=5392241
meta-llama/Llama-3.2-3B,implicit,gate1,corr_CD,10,black,4873453,FOLLOWED_FALSE,0.8038,cw=5392241
meta-llama/Llama-3.2-3B,implicit,gate1,baseline,11,crimson,8953739,WRONG_DISTRACTOR,0.7444,
meta-llama/Llama-3.2-3B,implicit,gate1,D1_deliverD,11,crimson,8953739,CORRECT,0.815,
meta-llama/Llama-3.2-3B,implicit,gate1,D2_trueB,11,crimson,8953739,WRONG_DISTRACTOR,0.764,
meta-llama/Llama-3.2-3B,implicit,gate1,corr_AB,11,crimson,8953739,FOLLOWED_FALSE,0.7403,cw=1016452
meta-llama/Llama-3.2-3B,implicit,gate1,corr_BC,11,crimson,8953739,FOLLOWED_FALSE,0.7676,cw=1016452
meta-llama/Llama-3.2-3B,implicit,gate1,corr_CD,11,crimson,8953739,FOLLOWED_FALSE,0.7409,cw=1016452
meta-llama/Llama-3.2-3B,implicit,gate1,baseline,12,red,9676148,WRONG_DISTRACTOR,0.8472,
meta-llama/Llama-3.2-3B,implicit,gate1,D1_deliverD,12,red,9676148,CORRECT,0.8671,
meta-llama/Llama-3.2-3B,implicit,gate1,D2_trueB,12,red,9676148,WRONG_DISTRACTOR,0.8623,
meta-llama/Llama-3.2-3B,implicit,gate1,corr_AB,12,red,9676148,OTHER,0.8319,cw=8684281
meta-llama/Llama-3.2-3B,implicit,gate1,corr_BC,12,red,9676148,OTHER,0.8348,cw=8684281
meta-llama/Llama-3.2-3B,implicit,gate1,corr_CD,12,red,9676148,OTHER,0.8525,cw=8684281
meta-llama/Llama-3.2-3B,implicit,gate1,baseline,13,teal,9603810,WRONG_DISTRACTOR,0.8019,
meta-llama/Llama-3.2-3B,implicit,gate1,D1_deliverD,13,teal,9603810,CORRECT,0.8666,
meta-llama/Llama-3.2-3B,implicit,gate1,D2_trueB,13,teal,9603810,WRONG_DISTRACTOR,0.8169,
meta-llama/Llama-3.2-3B,implicit,gate1,corr_AB,13,teal,9603810,OTHER,0.8133,cw=5957160
meta-llama/Llama-3.2-3B,implicit,gate1,corr_BC,13,teal,9603810,OTHER,0.8221,cw=5957160
meta-llama/Llama-3.2-3B,implicit,gate1,corr_CD,13,teal,9603810,OTHER,0.7969,cw=5957160
meta-llama/Llama-3.2-3B,implicit,gate1,baseline,14,maroon,8292567,WRONG_DISTRACTOR,0.7979,
meta-llama/Llama-3.2-3B,implicit,gate1,D1_deliverD,14,maroon,8292567,CORRECT,0.8564,
meta-llama/Llama-3.2-3B,implicit,gate1,D2_trueB,14,maroon,8292567,WRONG_DISTRACTOR,0.7977,
meta-llama/Llama-3.2-3B,implicit,gate1,corr_AB,14,maroon,8292567,OTHER,0.7845,cw=9217571
meta-llama/Llama-3.2-3B,implicit,gate1,corr_BC,14,maroon,8292567,OTHER,0.8002,cw=9217571
meta-llama/Llama-3.2-3B,implicit,gate1,corr_CD,14,maroon,8292567,OTHER,0.8005,cw=9217571
meta-llama/Llama-3.2-3B,implicit,gate1,baseline,15,copper,7334003,WRONG_DISTRACTOR,0.8172,
meta-llama/Llama-3.2-3B,implicit,gate1,D1_deliverD,15,copper,7334003,CORRECT,0.8474,
meta-llama/Llama-3.2-3B,implicit,gate1,D2_trueB,15,copper,7334003,WRONG_DISTRACTOR,0.822,
meta-llama/Llama-3.2-3B,implicit,gate1,corr_AB,15,copper,7334003,OTHER,0.8111,cw=2567091
meta-llama/Llama-3.2-3B,implicit,gate1,corr_BC,15,copper,7334003,OTHER,0.8161,cw=2567091
meta-llama/Llama-3.2-3B,implicit,gate1,corr_CD,15,copper,7334003,OTHER,0.8204,cw=2567091
meta-llama/Llama-3.2-3B,implicit,gate1,baseline,16,green,7388902,WRONG_DISTRACTOR,0.7817,
meta-llama/Llama-3.2-3B,implicit,gate1,D1_deliverD,16,green,7388902,CORRECT,0.8825,
meta-llama/Llama-3.2-3B,implicit,gate1,D2_trueB,16,green,7388902,WRONG_DISTRACTOR,0.8087,
meta-llama/Llama-3.2-3B,implicit,gate1,corr_AB,16,green,7388902,OTHER,0.7807,cw=3137066
meta-llama/Llama-3.2-3B,implicit,gate1,corr_BC,16,green,7388902,OTHER,0.7745,cw=3137066
meta-llama/Llama-3.2-3B,implicit,gate1,corr_CD,16,green,7388902,FOLLOWED_FALSE,0.7558,cw=3137066
meta-llama/Llama-3.2-3B,implicit,gate1,baseline,17,crimson,1159943,CORRECT,0.7934,
meta-llama/Llama-3.2-3B,implicit,gate1,D1_deliverD,17,crimson,1159943,CORRECT,0.845,
meta-llama/Llama-3.2-3B,implicit,gate1,D2_trueB,17,crimson,1159943,CORRECT,0.8052,
meta-llama/Llama-3.2-3B,implicit,gate1,corr_AB,17,crimson,1159943,STILL_D,0.7819,cw=7565272
meta-llama/Llama-3.2-3B,implicit,gate1,corr_BC,17,crimson,1159943,STILL_D,0.792,cw=7565272
meta-llama/Llama-3.2-3B,implicit,gate1,corr_CD,17,crimson,1159943,FOLLOWED_FALSE,0.777,cw=7565272
meta-llama/Llama-3.2-3B,implicit,gate1,baseline,18,white,8070402,WRONG_DISTRACTOR,0.7698,
meta-llama/Llama-3.2-3B,implicit,gate1,D1_deliverD,18,white,8070402,CORRECT,0.858,
meta-llama/Llama-3.2-3B,implicit,gate1,D2_trueB,18,white,8070402,WRONG_DISTRACTOR,0.7869,
meta-llama/Llama-3.2-3B,implicit,gate1,corr_AB,18,white,8070402,FOLLOWED_FALSE,0.7883,cw=7048002
meta-llama/Llama-3.2-3B,implicit,gate1,corr_BC,18,white,8070402,FOLLOWED_FALSE,0.7816,cw=7048002
meta-llama/Llama-3.2-3B,implicit,gate1,corr_CD,18,white,8070402,FOLLOWED_FALSE,0.788,cw=7048002
meta-llama/Llama-3.2-3B,implicit,gate1,baseline,19,black,8977885,WRONG_DISTRACTOR,0.7821,
meta-llama/Llama-3.2-3B,implicit,gate1,D1_deliverD,19,black,8977885,CORRECT,0.8054,
meta-llama/Llama-3.2-3B,implicit,gate1,D2_trueB,19,black,8977885,WRONG_DISTRACTOR,0.7973,
meta-llama/Llama-3.2-3B,implicit,gate1,corr_AB,19,black,8977885,FOLLOWED_FALSE,0.7566,cw=8756031
meta-llama/Llama-3.2-3B,implicit,gate1,corr_BC,19,black,8977885,FOLLOWED_FALSE,0.7641,cw=8756031
meta-llama/Llama-3.2-3B,implicit,gate1,corr_CD,19,black,8977885,FOLLOWED_FALSE,0.76,cw=8756031
meta-llama/Llama-3.2-3B,implicit,gate1,baseline,20,maroon,1920912,WRONG_DISTRACTOR,0.8391,
meta-llama/Llama-3.2-3B,implicit,gate1,D1_deliverD,20,maroon,1920912,CORRECT,0.8707,
meta-llama/Llama-3.2-3B,implicit,gate1,D2_trueB,20,maroon,1920912,WRONG_DISTRACTOR,0.8594,
meta-llama/Llama-3.2-3B,implicit,gate1,corr_AB,20,maroon,1920912,FOLLOWED_FALSE,0.8419,cw=2067585
meta-llama/Llama-3.2-3B,implicit,gate1,corr_BC,20,maroon,1920912,FOLLOWED_FALSE,0.8405,cw=2067585
meta-llama/Llama-3.2-3B,implicit,gate1,corr_CD,20,maroon,1920912,FOLLOWED_FALSE,0.8176,cw=2067585
meta-llama/Llama-3.2-3B,implicit,gate1,baseline,21,olive,6261778,WRONG_DISTRACTOR,0.7904,
meta-llama/Llama-3.2-3B,implicit,gate1,D1_deliverD,21,olive,6261778,CORRECT,0.8567,
meta-llama/Llama-3.2-3B,implicit,gate1,D2_trueB,21,olive,6261778,WRONG_DISTRACTOR,0.7943,
meta-llama/Llama-3.2-3B,implicit,gate1,corr_AB,21,olive,6261778,OTHER,0.7975,cw=2851347
meta-llama/Llama-3.2-3B,implicit,gate1,corr_BC,21,olive,6261778,OTHER,0.7879,cw=2851347
meta-llama/Llama-3.2-3B,implicit,gate1,corr_CD,21,olive,6261778,OTHER,0.8005,cw=2851347
meta-llama/Llama-3.2-3B,implicit,gate1,baseline,22,black,4767327,CORRECT,0.7822,
meta-llama/Llama-3.2-3B,implicit,gate1,D1_deliverD,22,black,4767327,CORRECT,0.8511,
meta-llama/Llama-3.2-3B,implicit,gate1,D2_trueB,22,black,4767327,CORRECT,0.8237,
meta-llama/Llama-3.2-3B,implicit,gate1,corr_AB,22,black,4767327,STILL_D,0.7834,cw=5645864
meta-llama/Llama-3.2-3B,implicit,gate1,corr_BC,22,black,4767327,STILL_D,0.7909,cw=5645864
meta-llama/Llama-3.2-3B,implicit,gate1,corr_CD,22,black,4767327,FOLLOWED_FALSE,0.7859,cw=5645864
meta-llama/Llama-3.2-3B,implicit,gate1,baseline,23,indigo,9899117,WRONG_DISTRACTOR,0.7496,
meta-llama/Llama-3.2-3B,implicit,gate1,D1_deliverD,23,indigo,9899117,CORRECT,0.8296,
meta-llama/Llama-3.2-3B,implicit,gate1,D2_trueB,23,indigo,9899117,WRONG_DISTRACTOR,0.7826,
meta-llama/Llama-3.2-3B,implicit,gate1,corr_AB,23,indigo,9899117,FOLLOWED_FALSE,0.7608,cw=3837682
meta-llama/Llama-3.2-3B,implicit,gate1,corr_BC,23,indigo,9899117,FOLLOWED_FALSE,0.7459,cw=3837682
meta-llama/Llama-3.2-3B,implicit,gate1,corr_CD,23,indigo,9899117,FOLLOWED_FALSE,0.7564,cw=3837682
meta-llama/Llama-3.2-3B,implicit,gate1,baseline,24,ivory,1948731,WRONG_DISTRACTOR,0.8341,
meta-llama/Llama-3.2-3B,implicit,gate1,D1_deliverD,24,ivory,1948731,CORRECT,0.8907,
meta-llama/Llama-3.2-3B,implicit,gate1,D2_trueB,24,ivory,1948731,WRONG_DISTRACTOR,0.8643,
meta-llama/Llama-3.2-3B,implicit,gate1,corr_AB,24,ivory,1948731,OTHER,0.8196,cw=2035898
meta-llama/Llama-3.2-3B,implicit,gate1,corr_BC,24,ivory,1948731,OTHER,0.8303,cw=2035898
meta-llama/Llama-3.2-3B,implicit,gate1,corr_CD,24,ivory,1948731,OTHER,0.8432,cw=2035898
meta-llama/Llama-3.2-3B,implicit,gate1,baseline,25,grey,8827166,WRONG_DISTRACTOR,0.7556,
meta-llama/Llama-3.2-3B,implicit,gate1,D1_deliverD,25,grey,8827166,CORRECT,0.8315,
meta-llama/Llama-3.2-3B,implicit,gate1,D2_trueB,25,grey,8827166,WRONG_DISTRACTOR,0.8132,
meta-llama/Llama-3.2-3B,implicit,gate1,corr_AB,25,grey,8827166,FOLLOWED_FALSE,0.7538,cw=9067490
meta-llama/Llama-3.2-3B,implicit,gate1,corr_BC,25,grey,8827166,FOLLOWED_FALSE,0.753,cw=9067490
meta-llama/Llama-3.2-3B,implicit,gate1,corr_CD,25,grey,8827166,OTHER,0.7578,cw=9067490
meta-llama/Llama-3.2-3B,implicit,gate1,baseline,26,green,2451349,CORRECT,0.8013,
meta-llama/Llama-3.2-3B,implicit,gate1,D1_deliverD,26,green,2451349,CORRECT,0.8428,
meta-llama/Llama-3.2-3B,implicit,gate1,D2_trueB,26,green,2451349,CORRECT,0.7935,
meta-llama/Llama-3.2-3B,implicit,gate1,corr_AB,26,green,2451349,STILL_D,0.7991,cw=9775480
meta-llama/Llama-3.2-3B,implicit,gate1,corr_BC,26,green,2451349,STILL_D,0.7971,cw=9775480
meta-llama/Llama-3.2-3B,implicit,gate1,corr_CD,26,green,2451349,FOLLOWED_FALSE,0.7932,cw=9775480
meta-llama/Llama-3.2-3B,implicit,gate1,baseline,27,grey,1348652,WRONG_DISTRACTOR,0.754,
meta-llama/Llama-3.2-3B,implicit,gate1,D1_deliverD,27,grey,1348652,CORRECT,0.8404,
meta-llama/Llama-3.2-3B,implicit,gate1,D2_trueB,27,grey,1348652,CORRECT,0.7835,
meta-llama/Llama-3.2-3B,implicit,gate1,corr_AB,27,grey,1348652,FOLLOWED_FALSE,0.7564,cw=3931532
meta-llama/Llama-3.2-3B,implicit,gate1,corr_BC,27,grey,1348652,FOLLOWED_FALSE,0.7569,cw=3931532
meta-llama/Llama-3.2-3B,implicit,gate1,corr_CD,27,grey,1348652,FOLLOWED_FALSE,0.765,cw=3931532
meta-llama/Llama-3.2-3B,implicit,gate1,baseline,28,maroon,1303623,WRONG_DISTRACTOR,0.7851,
meta-llama/Llama-3.2-3B,implicit,gate1,D1_deliverD,28,maroon,1303623,CORRECT,0.8597,
meta-llama/Llama-3.2-3B,implicit,gate1,D2_trueB,28,maroon,1303623,WRONG_DISTRACTOR,0.8232,
meta-llama/Llama-3.2-3B,implicit,gate1,corr_AB,28,maroon,1303623,FOLLOWED_FALSE,0.8046,cw=4152885
meta-llama/Llama-3.2-3B,implicit,gate1,corr_BC,28,maroon,1303623,FOLLOWED_FALSE,0.7895,cw=4152885
meta-llama/Llama-3.2-3B,implicit,gate1,corr_CD,28,maroon,1303623,FOLLOWED_FALSE,0.7885,cw=4152885
meta-llama/Llama-3.2-3B,implicit,gate1,baseline,29,crimson,7653391,WRONG_DISTRACTOR,0.7896,
meta-llama/Llama-3.2-3B,implicit,gate1,D1_deliverD,29,crimson,7653391,CORRECT,0.8354,
meta-llama/Llama-3.2-3B,implicit,gate1,D2_trueB,29,crimson,7653391,CORRECT,0.8118,
meta-llama/Llama-3.2-3B,implicit,gate1,corr_AB,29,crimson,7653391,FOLLOWED_FALSE,0.7862,cw=8431421
meta-llama/Llama-3.2-3B,implicit,gate1,corr_BC,29,crimson,7653391,FOLLOWED_FALSE,0.7847,cw=8431421
meta-llama/Llama-3.2-3B,implicit,gate1,corr_CD,29,crimson,7653391,FOLLOWED_FALSE,0.7999,cw=8431421
meta-llama/Llama-3.2-3B,implicit,gate1,baseline,30,violet,5697356,WRONG_DISTRACTOR,0.7574,
meta-llama/Llama-3.2-3B,implicit,gate1,D1_deliverD,30,violet,5697356,CORRECT,0.7961,
meta-llama/Llama-3.2-3B,implicit,gate1,D2_trueB,30,violet,5697356,OTHER,0.802,
meta-llama/Llama-3.2-3B,implicit,gate1,corr_AB,30,violet,5697356,OTHER,0.7276,cw=2733900
meta-llama/Llama-3.2-3B,implicit,gate1,corr_BC,30,violet,5697356,OTHER,0.7393,cw=2733900
meta-llama/Llama-3.2-3B,implicit,gate1,corr_CD,30,violet,5697356,FOLLOWED_FALSE,0.7537,cw=2733900
meta-llama/Llama-3.2-3B,implicit,gate1,baseline,31,black,7216407,CORRECT,0.8051,
meta-llama/Llama-3.2-3B,implicit,gate1,D1_deliverD,31,black,7216407,CORRECT,0.882,
meta-llama/Llama-3.2-3B,implicit,gate1,D2_trueB,31,black,7216407,WRONG_DISTRACTOR,0.833,
meta-llama/Llama-3.2-3B,implicit,gate1,corr_AB,31,black,7216407,FOLLOWED_FALSE,0.8049,cw=1919881
meta-llama/Llama-3.2-3B,implicit,gate1,corr_BC,31,black,7216407,STILL_D,0.8003,cw=1919881
meta-llama/Llama-3.2-3B,implicit,gate1,corr_CD,31,black,7216407,FOLLOWED_FALSE,0.7958,cw=1919881
meta-llama/Llama-3.2-3B,implicit,gate1,baseline,32,maroon,7065828,WRONG_DISTRACTOR,0.7495,
meta-llama/Llama-3.2-3B,implicit,gate1,D1_deliverD,32,maroon,7065828,CORRECT,0.8164,
meta-llama/Llama-3.2-3B,implicit,gate1,D2_trueB,32,maroon,7065828,WRONG_DISTRACTOR,0.7877,
meta-llama/Llama-3.2-3B,implicit,gate1,corr_AB,32,maroon,7065828,FOLLOWED_FALSE,0.7679,cw=6332857
meta-llama/Llama-3.2-3B,implicit,gate1,corr_BC,32,maroon,7065828,FOLLOWED_FALSE,0.751,cw=6332857
meta-llama/Llama-3.2-3B,implicit,gate1,corr_CD,32,maroon,7065828,FOLLOWED_FALSE,0.7568,cw=6332857
meta-llama/Llama-3.2-3B,implicit,gate1,baseline,33,black,5805715,WRONG_DISTRACTOR,0.7827,
meta-llama/Llama-3.2-3B,implicit,gate1,D1_deliverD,33,black,5805715,CORRECT,0.8558,
meta-llama/Llama-3.2-3B,implicit,gate1,D2_trueB,33,black,5805715,WRONG_DISTRACTOR,0.843,
meta-llama/Llama-3.2-3B,implicit,gate1,corr_AB,33,black,5805715,OTHER,0.787,cw=8122926
meta-llama/Llama-3.2-3B,implicit,gate1,corr_BC,33,black,5805715,OTHER,0.7747,cw=8122926
meta-llama/Llama-3.2-3B,implicit,gate1,corr_CD,33,black,5805715,FOLLOWED_FALSE,0.7939,cw=8122926
meta-llama/Llama-3.2-3B,implicit,gate1,baseline,34,scarlet,5713498,WRONG_DISTRACTOR,0.8004,
meta-llama/Llama-3.2-3B,implicit,gate1,D1_deliverD,34,scarlet,5713498,WRONG_DISTRACTOR,0.8659,
meta-llama/Llama-3.2-3B,implicit,gate1,D2_trueB,34,scarlet,5713498,WRONG_DISTRACTOR,0.8412,
meta-llama/Llama-3.2-3B,implicit,gate1,corr_AB,34,scarlet,5713498,OTHER,0.8025,cw=1997767
meta-llama/Llama-3.2-3B,implicit,gate1,corr_BC,34,scarlet,5713498,OTHER,0.8098,cw=1997767
meta-llama/Llama-3.2-3B,implicit,gate1,corr_CD,34,scarlet,5713498,FOLLOWED_FALSE,0.8151,cw=1997767
meta-llama/Llama-3.2-3B,implicit,gate1,baseline,35,scarlet,3146044,CORRECT,0.7451,
meta-llama/Llama-3.2-3B,implicit,gate1,D1_deliverD,35,scarlet,3146044,CORRECT,0.8201,
meta-llama/Llama-3.2-3B,implicit,gate1,D2_trueB,35,scarlet,3146044,CORRECT,0.8204,
meta-llama/Llama-3.2-3B,implicit,gate1,corr_AB,35,scarlet,3146044,STILL_D,0.7251,cw=7556365
meta-llama/Llama-3.2-3B,implicit,gate1,corr_BC,35,scarlet,3146044,STILL_D,0.7241,cw=7556365
meta-llama/Llama-3.2-3B,implicit,gate1,corr_CD,35,scarlet,3146044,FOLLOWED_FALSE,0.7338,cw=7556365
meta-llama/Llama-3.2-3B,implicit,gate1,baseline,36,indigo,5772917,WRONG_DISTRACTOR,0.854,
meta-llama/Llama-3.2-3B,implicit,gate1,D1_deliverD,36,indigo,5772917,CORRECT,0.8831,
meta-llama/Llama-3.2-3B,implicit,gate1,D2_trueB,36,indigo,5772917,WRONG_DISTRACTOR,0.8738,
meta-llama/Llama-3.2-3B,implicit,gate1,corr_AB,36,indigo,5772917,FOLLOWED_FALSE,0.8452,cw=9883313
meta-llama/Llama-3.2-3B,implicit,gate1,corr_BC,36,indigo,5772917,FOLLOWED_FALSE,0.8561,cw=9883313
meta-llama/Llama-3.2-3B,implicit,gate1,corr_CD,36,indigo,5772917,FOLLOWED_FALSE,0.8509,cw=9883313
meta-llama/Llama-3.2-3B,implicit,gate1,baseline,37,ivory,6151849,WRONG_DISTRACTOR,0.8658,
meta-llama/Llama-3.2-3B,implicit,gate1,D1_deliverD,37,ivory,6151849,CORRECT,0.8742,
meta-llama/Llama-3.2-3B,implicit,gate1,D2_trueB,37,ivory,6151849,WRONG_DISTRACTOR,0.8844,
meta-llama/Llama-3.2-3B,implicit,gate1,corr_AB,37,ivory,6151849,FOLLOWED_FALSE,0.8695,cw=2473689
meta-llama/Llama-3.2-3B,implicit,gate1,corr_BC,37,ivory,6151849,FOLLOWED_FALSE,0.8801,cw=2473689
meta-llama/Llama-3.2-3B,implicit,gate1,corr_CD,37,ivory,6151849,OTHER,0.866,cw=2473689
meta-llama/Llama-3.2-3B,implicit,gate1,baseline,38,bronze,1743312,WRONG_DISTRACTOR,0.8396,
meta-llama/Llama-3.2-3B,implicit,gate1,D1_deliverD,38,bronze,1743312,CORRECT,0.8819,
meta-llama/Llama-3.2-3B,implicit,gate1,D2_trueB,38,bronze,1743312,WRONG_DISTRACTOR,0.8598,
meta-llama/Llama-3.2-3B,implicit,gate1,corr_AB,38,bronze,1743312,FOLLOWED_FALSE,0.8391,cw=2394463
meta-llama/Llama-3.2-3B,implicit,gate1,corr_BC,38,bronze,1743312,FOLLOWED_FALSE,0.8625,cw=2394463
meta-llama/Llama-3.2-3B,implicit,gate1,corr_CD,38,bronze,1743312,FOLLOWED_FALSE,0.8471,cw=2394463
meta-llama/Llama-3.2-3B,implicit,gate1,baseline,39,white,1067738,CORRECT,0.8555,
meta-llama/Llama-3.2-3B,implicit,gate1,D1_deliverD,39,white,1067738,CORRECT,0.8363,
meta-llama/Llama-3.2-3B,implicit,gate1,D2_trueB,39,white,1067738,CORRECT,0.8712,
meta-llama/Llama-3.2-3B,implicit,gate1,corr_AB,39,white,1067738,STILL_D,0.8582,cw=7187340
meta-llama/Llama-3.2-3B,implicit,gate1,corr_BC,39,white,1067738,STILL_D,0.865,cw=7187340
meta-llama/Llama-3.2-3B,implicit,gate1,corr_CD,39,white,1067738,FOLLOWED_FALSE,0.8483,cw=7187340
meta-llama/Llama-3.2-3B,implicit,gate1,baseline,40,scarlet,2439594,WRONG_DISTRACTOR,0.7346,
meta-llama/Llama-3.2-3B,implicit,gate1,D1_deliverD,40,scarlet,2439594,WRONG_DISTRACTOR,0.8049,
meta-llama/Llama-3.2-3B,implicit,gate1,D2_trueB,40,scarlet,2439594,WRONG_DISTRACTOR,0.7973,
meta-llama/Llama-3.2-3B,implicit,gate1,corr_AB,40,scarlet,2439594,OTHER,0.7453,cw=9395262
meta-llama/Llama-3.2-3B,implicit,gate1,corr_BC,40,scarlet,2439594,OTHER,0.7264,cw=9395262
meta-llama/Llama-3.2-3B,implicit,gate1,corr_CD,40,scarlet,2439594,OTHER,0.7312,cw=9395262
meta-llama/Llama-3.2-3B,implicit,gate1,baseline,41,grey,4162380,CORRECT,0.8121,
meta-llama/Llama-3.2-3B,implicit,gate1,D1_deliverD,41,grey,4162380,CORRECT,0.8714,
meta-llama/Llama-3.2-3B,implicit,gate1,D2_trueB,41,grey,4162380,CORRECT,0.8441,
meta-llama/Llama-3.2-3B,implicit,gate1,corr_AB,41,grey,4162380,STILL_D,0.8073,cw=4691351
meta-llama/Llama-3.2-3B,implicit,gate1,corr_BC,41,grey,4162380,STILL_D,0.8308,cw=4691351
meta-llama/Llama-3.2-3B,implicit,gate1,corr_CD,41,grey,4162380,FOLLOWED_FALSE,0.8237,cw=4691351
meta-llama/Llama-3.2-3B,implicit,gate1,baseline,42,bronze,7645954,CORRECT,0.8534,
meta-llama/Llama-3.2-3B,implicit,gate1,D1_deliverD,42,bronze,7645954,CORRECT,0.8834,
meta-llama/Llama-3.2-3B,implicit,gate1,D2_trueB,42,bronze,7645954,WRONG_DISTRACTOR,0.8841,
meta-llama/Llama-3.2-3B,implicit,gate1,corr_AB,42,bronze,7645954,OTHER,0.8539,cw=2720137
meta-llama/Llama-3.2-3B,implicit,gate1,corr_BC,42,bronze,7645954,OTHER,0.8678,cw=2720137
meta-llama/Llama-3.2-3B,implicit,gate1,corr_CD,42,bronze,7645954,FOLLOWED_FALSE,0.8568,cw=2720137
meta-llama/Llama-3.2-3B,implicit,gate1,baseline,43,white,2618759,CORRECT,0.8508,
meta-llama/Llama-3.2-3B,implicit,gate1,D1_deliverD,43,white,2618759,CORRECT,0.8759,
meta-llama/Llama-3.2-3B,implicit,gate1,D2_trueB,43,white,2618759,WRONG_DISTRACTOR,0.8744,
meta-llama/Llama-3.2-3B,implicit,gate1,corr_AB,43,white,2618759,OTHER,0.8502,cw=9589003
meta-llama/Llama-3.2-3B,implicit,gate1,corr_BC,43,white,2618759,STILL_D,0.869,cw=9589003
meta-llama/Llama-3.2-3B,implicit,gate1,corr_CD,43,white,2618759,FOLLOWED_FALSE,0.8663,cw=9589003
meta-llama/Llama-3.2-3B,implicit,gate1,baseline,44,grey,1066539,CORRECT,0.7708,
meta-llama/Llama-3.2-3B,implicit,gate1,D1_deliverD,44,grey,1066539,CORRECT,0.8032,
meta-llama/Llama-3.2-3B,implicit,gate1,D2_trueB,44,grey,1066539,CORRECT,0.7898,
meta-llama/Llama-3.2-3B,implicit,gate1,corr_AB,44,grey,1066539,STILL_D,0.7607,cw=6451457
meta-llama/Llama-3.2-3B,implicit,gate1,corr_BC,44,grey,1066539,STILL_D,0.7588,cw=6451457
meta-llama/Llama-3.2-3B,implicit,gate1,corr_CD,44,grey,1066539,FOLLOWED_FALSE,0.7648,cw=6451457
meta-llama/Llama-3.2-3B,implicit,gate1,baseline,45,teal,4795090,WRONG_DISTRACTOR,0.7692,
meta-llama/Llama-3.2-3B,implicit,gate1,D1_deliverD,45,teal,4795090,CORRECT,0.8602,
meta-llama/Llama-3.2-3B,implicit,gate1,D2_trueB,45,teal,4795090,WRONG_DISTRACTOR,0.8178,
meta-llama/Llama-3.2-3B,implicit,gate1,corr_AB,45,teal,4795090,OTHER,0.7763,cw=5576717
meta-llama/Llama-3.2-3B,implicit,gate1,corr_BC,45,teal,4795090,OTHER,0.7784,cw=5576717
meta-llama/Llama-3.2-3B,implicit,gate1,corr_CD,45,teal,4795090,OTHER,0.7531,cw=5576717
meta-llama/Llama-3.2-3B,implicit,gate1,baseline,46,navy,1349608,WRONG_DISTRACTOR,0.854,
meta-llama/Llama-3.2-3B,implicit,gate1,D1_deliverD,46,navy,1349608,CORRECT,0.8907,
meta-llama/Llama-3.2-3B,implicit,gate1,D2_trueB,46,navy,1349608,WRONG_DISTRACTOR,0.8684,
meta-llama/Llama-3.2-3B,implicit,gate1,corr_AB,46,navy,1349608,OTHER,0.8466,cw=5258815
meta-llama/Llama-3.2-3B,implicit,gate1,corr_BC,46,navy,1349608,OTHER,0.8605,cw=5258815
meta-llama/Llama-3.2-3B,implicit,gate1,corr_CD,46,navy,1349608,OTHER,0.8515,cw=5258815
meta-llama/Llama-3.2-3B,implicit,gate1,baseline,47,black,3634599,WRONG_DISTRACTOR,0.8073,
meta-llama/Llama-3.2-3B,implicit,gate1,D1_deliverD,47,black,3634599,WRONG_DISTRACTOR,0.8372,
meta-llama/Llama-3.2-3B,implicit,gate1,D2_trueB,47,black,3634599,WRONG_DISTRACTOR,0.8315,
meta-llama/Llama-3.2-3B,implicit,gate1,corr_AB,47,black,3634599,OTHER,0.8228,cw=1727938
meta-llama/Llama-3.2-3B,implicit,gate1,corr_BC,47,black,3634599,OTHER,0.8028,cw=1727938
meta-llama/Llama-3.2-3B,implicit,gate1,corr_CD,47,black,3634599,FOLLOWED_FALSE,0.8125,cw=1727938
meta-llama/Llama-3.2-3B,implicit,gate1,baseline,48,violet,9455034,WRONG_DISTRACTOR,0.7744,
meta-llama/Llama-3.2-3B,implicit,gate1,D1_deliverD,48,violet,9455034,CORRECT,0.8493,
meta-llama/Llama-3.2-3B,implicit,gate1,D2_trueB,48,violet,9455034,WRONG_DISTRACTOR,0.7751,
meta-llama/Llama-3.2-3B,implicit,gate1,corr_AB,48,violet,9455034,FOLLOWED_FALSE,0.7744,cw=3144381
meta-llama/Llama-3.2-3B,implicit,gate1,corr_BC,48,violet,9455034,OTHER,0.7731,cw=3144381
meta-llama/Llama-3.2-3B,implicit,gate1,corr_CD,48,violet,9455034,OTHER,0.7681,cw=3144381
meta-llama/Llama-3.2-3B,implicit,gate1,baseline,49,scarlet,6012756,WRONG_DISTRACTOR,0.7844,
meta-llama/Llama-3.2-3B,implicit,gate1,D1_deliverD,49,scarlet,6012756,CORRECT,0.8626,
meta-llama/Llama-3.2-3B,implicit,gate1,D2_trueB,49,scarlet,6012756,WRONG_DISTRACTOR,0.812,
meta-llama/Llama-3.2-3B,implicit,gate1,corr_AB,49,scarlet,6012756,OTHER,0.7886,cw=5967289
meta-llama/Llama-3.2-3B,implicit,gate1,corr_BC,49,scarlet,6012756,OTHER,0.7906,cw=5967289
meta-llama/Llama-3.2-3B,implicit,gate1,corr_CD,49,scarlet,6012756,OTHER,0.7726,cw=5967289
meta-llama/Llama-3.2-3B,implicit,gate1,baseline,50,amber,5248831,WRONG_DISTRACTOR,0.7799,
meta-llama/Llama-3.2-3B,implicit,gate1,D1_deliverD,50,amber,5248831,CORRECT,0.8515,
meta-llama/Llama-3.2-3B,implicit,gate1,D2_trueB,50,amber,5248831,WRONG_DISTRACTOR,0.8186,
meta-llama/Llama-3.2-3B,implicit,gate1,corr_AB,50,amber,5248831,OTHER,0.7652,cw=5976985
meta-llama/Llama-3.2-3B,implicit,gate1,corr_BC,50,amber,5248831,OTHER,0.7765,cw=5976985
meta-llama/Llama-3.2-3B,implicit,gate1,corr_CD,50,amber,5248831,OTHER,0.7678,cw=5976985
meta-llama/Llama-3.2-3B,implicit,gate1,baseline,51,red,1659098,WRONG_DISTRACTOR,0.7534,
meta-llama/Llama-3.2-3B,implicit,gate1,D1_deliverD,51,red,1659098,CORRECT,0.8151,
meta-llama/Llama-3.2-3B,implicit,gate1,D2_trueB,51,red,1659098,WRONG_DISTRACTOR,0.7702,
meta-llama/Llama-3.2-3B,implicit,gate1,corr_AB,51,red,1659098,FOLLOWED_FALSE,0.7598,cw=9652138
meta-llama/Llama-3.2-3B,implicit,gate1,corr_BC,51,red,1659098,FOLLOWED_FALSE,0.7916,cw=9652138
meta-llama/Llama-3.2-3B,implicit,gate1,corr_CD,51,red,1659098,FOLLOWED_FALSE,0.7671,cw=9652138
meta-llama/Llama-3.2-3B,implicit,gate1,baseline,52,scarlet,4654188,WRONG_DISTRACTOR,0.7861,
meta-llama/Llama-3.2-3B,implicit,gate1,D1_deliverD,52,scarlet,4654188,CORRECT,0.8336,
meta-llama/Llama-3.2-3B,implicit,gate1,D2_trueB,52,scarlet,4654188,CORRECT,0.8314,
meta-llama/Llama-3.2-3B,implicit,gate1,corr_AB,52,scarlet,4654188,OTHER,0.7744,cw=4497848
meta-llama/Llama-3.2-3B,implicit,gate1,corr_BC,52,scarlet,4654188,OTHER,0.7824,cw=4497848
meta-llama/Llama-3.2-3B,implicit,gate1,corr_CD,52,scarlet,4654188,OTHER,0.7913,cw=4497848
meta-llama/Llama-3.2-3B,implicit,gate1,baseline,53,blue,7515983,CORRECT,0.7652,
meta-llama/Llama-3.2-3B,implicit,gate1,D1_deliverD,53,blue,7515983,CORRECT,0.8237,
meta-llama/Llama-3.2-3B,implicit,gate1,D2_trueB,53,blue,7515983,CORRECT,0.7998,
meta-llama/Llama-3.2-3B,implicit,gate1,corr_AB,53,blue,7515983,STILL_D,0.7496,cw=8476826
meta-llama/Llama-3.2-3B,implicit,gate1,corr_BC,53,blue,7515983,STILL_D,0.7653,cw=8476826
meta-llama/Llama-3.2-3B,implicit,gate1,corr_CD,53,blue,7515983,OTHER,0.7922,cw=8476826
meta-llama/Llama-3.2-3B,implicit,gate1,baseline,54,navy,1495937,CORRECT,0.8463,
meta-llama/Llama-3.2-3B,implicit,gate1,D1_deliverD,54,navy,1495937,CORRECT,0.87,
meta-llama/Llama-3.2-3B,implicit,gate1,D2_trueB,54,navy,1495937,CORRECT,0.862,
meta-llama/Llama-3.2-3B,implicit,gate1,corr_AB,54,navy,1495937,STILL_D,0.8497,cw=4843665
meta-llama/Llama-3.2-3B,implicit,gate1,corr_BC,54,navy,1495937,STILL_D,0.8475,cw=4843665
meta-llama/Llama-3.2-3B,implicit,gate1,corr_CD,54,navy,1495937,FOLLOWED_FALSE,0.8347,cw=4843665
meta-llama/Llama-3.2-3B,implicit,gate1,baseline,55,ivory,4195089,CORRECT,0.7614,
meta-llama/Llama-3.2-3B,implicit,gate1,D1_deliverD,55,ivory,4195089,CORRECT,0.8743,
meta-llama/Llama-3.2-3B,implicit,gate1,D2_trueB,55,ivory,4195089,CORRECT,0.8151,
meta-llama/Llama-3.2-3B,implicit,gate1,corr_AB,55,ivory,4195089,FOLLOWED_FALSE,0.7692,cw=6571397
meta-llama/Llama-3.2-3B,implicit,gate1,corr_BC,55,ivory,4195089,STILL_D,0.7743,cw=6571397
meta-llama/Llama-3.2-3B,implicit,gate1,corr_CD,55,ivory,4195089,FOLLOWED_FALSE,0.7754,cw=6571397
meta-llama/Llama-3.2-3B,implicit,gate1,baseline,56,ivory,5476179,CORRECT,0.763,
meta-llama/Llama-3.2-3B,implicit,gate1,D1_deliverD,56,ivory,5476179,CORRECT,0.8297,
meta-llama/Llama-3.2-3B,implicit,gate1,D2_trueB,56,ivory,5476179,CORRECT,0.7455,
meta-llama/Llama-3.2-3B,implicit,gate1,corr_AB,56,ivory,5476179,STILL_D,0.7631,cw=2975209
meta-llama/Llama-3.2-3B,implicit,gate1,corr_BC,56,ivory,5476179,STILL_D,0.7757,cw=2975209
meta-llama/Llama-3.2-3B,implicit,gate1,corr_CD,56,ivory,5476179,OTHER,0.7451,cw=2975209
meta-llama/Llama-3.2-3B,implicit,gate1,baseline,57,ivory,7492530,WRONG_DISTRACTOR,0.8109,
meta-llama/Llama-3.2-3B,implicit,gate1,D1_deliverD,57,ivory,7492530,CORRECT,0.8547,
meta-llama/Llama-3.2-3B,implicit,gate1,D2_trueB,57,ivory,7492530,WRONG_DISTRACTOR,0.8093,
meta-llama/Llama-3.2-3B,implicit,gate1,corr_AB,57,ivory,7492530,FOLLOWED_FALSE,0.8046,cw=5632301
meta-llama/Llama-3.2-3B,implicit,gate1,corr_BC,57,ivory,7492530,FOLLOWED_FALSE,0.8016,cw=5632301
meta-llama/Llama-3.2-3B,implicit,gate1,corr_CD,57,ivory,7492530,FOLLOWED_FALSE,0.8101,cw=5632301
meta-llama/Llama-3.2-3B,implicit,gate1,baseline,58,navy,5893206,WRONG_DISTRACTOR,0.8388,
meta-llama/Llama-3.2-3B,implicit,gate1,D1_deliverD,58,navy,5893206,CORRECT,0.8531,
meta-llama/Llama-3.2-3B,implicit,gate1,D2_trueB,58,navy,5893206,WRONG_DISTRACTOR,0.8582,
meta-llama/Llama-3.2-3B,implicit,gate1,corr_AB,58,navy,5893206,FOLLOWED_FALSE,0.839,cw=1087091
meta-llama/Llama-3.2-3B,implicit,gate1,corr_BC,58,navy,5893206,FOLLOWED_FALSE,0.8375,cw=1087091
meta-llama/Llama-3.2-3B,implicit,gate1,corr_CD,58,navy,5893206,FOLLOWED_FALSE,0.8537,cw=1087091
meta-llama/Llama-3.2-3B,implicit,gate1,baseline,59,bronze,4714574,WRONG_DISTRACTOR,0.776,
meta-llama/Llama-3.2-3B,implicit,gate1,D1_deliverD,59,bronze,4714574,WRONG_DISTRACTOR,0.8413,
meta-llama/Llama-3.2-3B,implicit,gate1,D2_trueB,59,bronze,4714574,WRONG_DISTRACTOR,0.8157,
meta-llama/Llama-3.2-3B,implicit,gate1,corr_AB,59,bronze,4714574,FOLLOWED_FALSE,0.7915,cw=5036799
meta-llama/Llama-3.2-3B,implicit,gate1,corr_BC,59,bronze,4714574,FOLLOWED_FALSE,0.7741,cw=5036799
meta-llama/Llama-3.2-3B,implicit,gate1,corr_CD,59,bronze,4714574,FOLLOWED_FALSE,0.7719,cw=5036799
meta-llama/Llama-3.2-3B,implicit,gate2,full,0,scarlet,3099490,CORRECT,0.7965,
meta-llama/Llama-3.2-3B,implicit,gate2,abl_AB,0,scarlet,3099490,CORRECT,0.8087,
meta-llama/Llama-3.2-3B,implicit,gate2,abl_BC,0,scarlet,3099490,CORRECT,0.789,
meta-llama/Llama-3.2-3B,implicit,gate2,abl_CD,0,scarlet,3099490,WRONG_DISTRACTOR,0.7322,
meta-llama/Llama-3.2-3B,implicit,gate2,abl_CTRL,0,scarlet,3099490,CORRECT,0.7978,
meta-llama/Llama-3.2-3B,implicit,gate2,full,1,indigo,7364070,CORRECT,0.7508,
meta-llama/Llama-3.2-3B,implicit,gate2,abl_AB,1,indigo,7364070,CORRECT,0.7789,
meta-llama/Llama-3.2-3B,implicit,gate2,abl_BC,1,indigo,7364070,CORRECT,0.7387,
meta-llama/Llama-3.2-3B,implicit,gate2,abl_CD,1,indigo,7364070,WRONG_DISTRACTOR,0.7246,
meta-llama/Llama-3.2-3B,implicit,gate2,abl_CTRL,1,indigo,7364070,CORRECT,0.7475,
meta-llama/Llama-3.2-3B,implicit,gate2,full,2,white,1776466,CORRECT,0.8608,
meta-llama/Llama-3.2-3B,implicit,gate2,abl_AB,2,white,1776466,CORRECT,0.873,
meta-llama/Llama-3.2-3B,implicit,gate2,abl_BC,2,white,1776466,CORRECT,0.8609,
meta-llama/Llama-3.2-3B,implicit,gate2,abl_CD,2,white,1776466,WRONG_DISTRACTOR,0.7219,
meta-llama/Llama-3.2-3B,implicit,gate2,abl_CTRL,2,white,1776466,CORRECT,0.8605,
meta-llama/Llama-3.2-3B,implicit,gate2,full,3,white,8035866,CORRECT,0.8064,
meta-llama/Llama-3.2-3B,implicit,gate2,abl_AB,3,white,8035866,WRONG_DISTRACTOR,0.8302,
meta-llama/Llama-3.2-3B,implicit,gate2,abl_BC,3,white,8035866,WRONG_DISTRACTOR,0.8082,
meta-llama/Llama-3.2-3B,implicit,gate2,abl_CD,3,white,8035866,WRONG_DISTRACTOR,0.7127,
meta-llama/Llama-3.2-3B,implicit,gate2,abl_CTRL,3,white,8035866,WRONG_DISTRACTOR,0.8051,
meta-llama/Llama-3.2-3B,implicit,gate2,full,4,scarlet,6287951,WRONG_DISTRACTOR,0.7296,
meta-llama/Llama-3.2-3B,implicit,gate2,abl_AB,4,scarlet,6287951,WRONG_DISTRACTOR,0.7607,
meta-llama/Llama-3.2-3B,implicit,gate2,abl_BC,4,scarlet,6287951,WRONG_DISTRACTOR,0.7433,
meta-llama/Llama-3.2-3B,implicit,gate2,abl_CD,4,scarlet,6287951,WRONG_DISTRACTOR,0.7064,
meta-llama/Llama-3.2-3B,implicit,gate2,abl_CTRL,4,scarlet,6287951,WRONG_DISTRACTOR,0.7332,
meta-llama/Llama-3.2-3B,implicit,gate2,full,5,white,3430050,CORRECT,0.7602,
meta-llama/Llama-3.2-3B,implicit,gate2,abl_AB,5,white,3430050,CORRECT,0.7592,
meta-llama/Llama-3.2-3B,implicit,gate2,abl_BC,5,white,3430050,CORRECT,0.7576,
meta-llama/Llama-3.2-3B,implicit,gate2,abl_CD,5,white,3430050,WRONG_DISTRACTOR,0.7338,
meta-llama/Llama-3.2-3B,implicit,gate2,abl_CTRL,5,white,3430050,CORRECT,0.7602,
meta-llama/Llama-3.2-3B,implicit,gate2,full,6,grey,3901988,CORRECT,0.8219,
meta-llama/Llama-3.2-3B,implicit,gate2,abl_AB,6,grey,3901988,CORRECT,0.8296,
meta-llama/Llama-3.2-3B,implicit,gate2,abl_BC,6,grey,3901988,CORRECT,0.8247,
meta-llama/Llama-3.2-3B,implicit,gate2,abl_CD,6,grey,3901988,WRONG_DISTRACTOR,0.8123,
meta-llama/Llama-3.2-3B,implicit,gate2,abl_CTRL,6,grey,3901988,CORRECT,0.8229,
meta-llama/Llama-3.2-3B,implicit,gate2,full,7,white,2951458,WRONG_DISTRACTOR,0.7713,
meta-llama/Llama-3.2-3B,implicit,gate2,abl_AB,7,white,2951458,WRONG_DISTRACTOR,0.7782,
meta-llama/Llama-3.2-3B,implicit,gate2,abl_BC,7,white,2951458,WRONG_DISTRACTOR,0.7525,
meta-llama/Llama-3.2-3B,implicit,gate2,abl_CD,7,white,2951458,WRONG_DISTRACTOR,0.7391,
meta-llama/Llama-3.2-3B,implicit,gate2,abl_CTRL,7,white,2951458,WRONG_DISTRACTOR,0.7725,
meta-llama/Llama-3.2-3B,implicit,gate2,full,8,navy,1592874,CORRECT,0.8522,
meta-llama/Llama-3.2-3B,implicit,gate2,abl_AB,8,navy,1592874,CORRECT,0.8585,
meta-llama/Llama-3.2-3B,implicit,gate2,abl_BC,8,navy,1592874,CORRECT,0.8369,
meta-llama/Llama-3.2-3B,implicit,gate2,abl_CD,8,navy,1592874,WRONG_DISTRACTOR,0.7185,
meta-llama/Llama-3.2-3B,implicit,gate2,abl_CTRL,8,navy,1592874,CORRECT,0.8355,
meta-llama/Llama-3.2-3B,implicit,gate2,full,9,teal,5993000,WRONG_DISTRACTOR,0.7627,
meta-llama/Llama-3.2-3B,implicit,gate2,abl_AB,9,teal,5993000,WRONG_DISTRACTOR,0.7714,
meta-llama/Llama-3.2-3B,implicit,gate2,abl_BC,9,teal,5993000,WRONG_DISTRACTOR,0.7578,
meta-llama/Llama-3.2-3B,implicit,gate2,abl_CD,9,teal,5993000,WRONG_DISTRACTOR,0.6767,
meta-llama/Llama-3.2-3B,implicit,gate2,abl_CTRL,9,teal,5993000,WRONG_DISTRACTOR,0.7539,
meta-llama/Llama-3.2-3B,implicit,gate2,full,10,black,4873453,CORRECT,0.8022,
meta-llama/Llama-3.2-3B,implicit,gate2,abl_AB,10,black,4873453,CORRECT,0.8058,
meta-llama/Llama-3.2-3B,implicit,gate2,abl_BC,10,black,4873453,CORRECT,0.7984,
meta-llama/Llama-3.2-3B,implicit,gate2,abl_CD,10,black,4873453,WRONG_DISTRACTOR,0.7841,
meta-llama/Llama-3.2-3B,implicit,gate2,abl_CTRL,10,black,4873453,CORRECT,0.8002,
meta-llama/Llama-3.2-3B,implicit,gate2,full,11,crimson,8953739,WRONG_DISTRACTOR,0.7457,
meta-llama/Llama-3.2-3B,implicit,gate2,abl_AB,11,crimson,8953739,WRONG_DISTRACTOR,0.7793,
meta-llama/Llama-3.2-3B,implicit,gate2,abl_BC,11,crimson,8953739,WRONG_DISTRACTOR,0.7509,
meta-llama/Llama-3.2-3B,implicit,gate2,abl_CD,11,crimson,8953739,WRONG_DISTRACTOR,0.746,
meta-llama/Llama-3.2-3B,implicit,gate2,abl_CTRL,11,crimson,8953739,WRONG_DISTRACTOR,0.7496,
meta-llama/Llama-3.2-3B,implicit,gate2,full,12,red,9676148,WRONG_DISTRACTOR,0.8311,
meta-llama/Llama-3.2-3B,implicit,gate2,abl_AB,12,red,9676148,WRONG_DISTRACTOR,0.8364,
meta-llama/Llama-3.2-3B,implicit,gate2,abl_BC,12,red,9676148,WRONG_DISTRACTOR,0.8317,
meta-llama/Llama-3.2-3B,implicit,gate2,abl_CD,12,red,9676148,WRONG_DISTRACTOR,0.8146,
meta-llama/Llama-3.2-3B,implicit,gate2,abl_CTRL,12,red,9676148,WRONG_DISTRACTOR,0.848,
meta-llama/Llama-3.2-3B,implicit,gate2,full,13,teal,9603810,WRONG_DISTRACTOR,0.7995,
meta-llama/Llama-3.2-3B,implicit,gate2,abl_AB,13,teal,9603810,WRONG_DISTRACTOR,0.8126,
meta-llama/Llama-3.2-3B,implicit,gate2,abl_BC,13,teal,9603810,WRONG_DISTRACTOR,0.8053,
meta-llama/Llama-3.2-3B,implicit,gate2,abl_CD,13,teal,9603810,WRONG_DISTRACTOR,0.7334,
meta-llama/Llama-3.2-3B,implicit,gate2,abl_CTRL,13,teal,9603810,WRONG_DISTRACTOR,0.8023,
meta-llama/Llama-3.2-3B,implicit,gate2,full,14,maroon,8292567,WRONG_DISTRACTOR,0.7973,
meta-llama/Llama-3.2-3B,implicit,gate2,abl_AB,14,maroon,8292567,WRONG_DISTRACTOR,0.8164,
meta-llama/Llama-3.2-3B,implicit,gate2,abl_BC,14,maroon,8292567,WRONG_DISTRACTOR,0.7989,
meta-llama/Llama-3.2-3B,implicit,gate2,abl_CD,14,maroon,8292567,WRONG_DISTRACTOR,0.7766,
meta-llama/Llama-3.2-3B,implicit,gate2,abl_CTRL,14,maroon,8292567,WRONG_DISTRACTOR,0.7981,
meta-llama/Llama-3.2-3B,implicit,gate2,full,15,copper,7334003,WRONG_DISTRACTOR,0.8175,
meta-llama/Llama-3.2-3B,implicit,gate2,abl_AB,15,copper,7334003,WRONG_DISTRACTOR,0.8265,
meta-llama/Llama-3.2-3B,implicit,gate2,abl_BC,15,copper,7334003,WRONG_DISTRACTOR,0.8194,
meta-llama/Llama-3.2-3B,implicit,gate2,abl_CD,15,copper,7334003,WRONG_DISTRACTOR,0.8,
meta-llama/Llama-3.2-3B,implicit,gate2,abl_CTRL,15,copper,7334003,WRONG_DISTRACTOR,0.8137,
meta-llama/Llama-3.2-3B,implicit,gate2,full,16,green,7388902,WRONG_DISTRACTOR,0.7815,
meta-llama/Llama-3.2-3B,implicit,gate2,abl_AB,16,green,7388902,WRONG_DISTRACTOR,0.8115,
meta-llama/Llama-3.2-3B,implicit,gate2,abl_BC,16,green,7388902,WRONG_DISTRACTOR,0.7648,
meta-llama/Llama-3.2-3B,implicit,gate2,abl_CD,16,green,7388902,WRONG_DISTRACTOR,0.7369,
meta-llama/Llama-3.2-3B,implicit,gate2,abl_CTRL,16,green,7388902,WRONG_DISTRACTOR,0.7816,
meta-llama/Llama-3.2-3B,implicit,gate2,full,17,crimson,1159943,CORRECT,0.7939,
meta-llama/Llama-3.2-3B,implicit,gate2,abl_AB,17,crimson,1159943,CORRECT,0.7867,
meta-llama/Llama-3.2-3B,implicit,gate2,abl_BC,17,crimson,1159943,CORRECT,0.7896,
meta-llama/Llama-3.2-3B,implicit,gate2,abl_CD,17,crimson,1159943,WRONG_DISTRACTOR,0.7535,
meta-llama/Llama-3.2-3B,implicit,gate2,abl_CTRL,17,crimson,1159943,CORRECT,0.7946,
meta-llama/Llama-3.2-3B,implicit,gate2,full,18,white,8070402,WRONG_DISTRACTOR,0.7668,
meta-llama/Llama-3.2-3B,implicit,gate2,abl_AB,18,white,8070402,WRONG_DISTRACTOR,0.7862,
meta-llama/Llama-3.2-3B,implicit,gate2,abl_BC,18,white,8070402,WRONG_DISTRACTOR,0.7841,
meta-llama/Llama-3.2-3B,implicit,gate2,abl_CD,18,white,8070402,WRONG_DISTRACTOR,0.7537,
meta-llama/Llama-3.2-3B,implicit,gate2,abl_CTRL,18,white,8070402,WRONG_DISTRACTOR,0.7677,
meta-llama/Llama-3.2-3B,implicit,gate2,full,19,black,8977885,WRONG_DISTRACTOR,0.7811,
meta-llama/Llama-3.2-3B,implicit,gate2,abl_AB,19,black,8977885,WRONG_DISTRACTOR,0.7807,
meta-llama/Llama-3.2-3B,implicit,gate2,abl_BC,19,black,8977885,WRONG_DISTRACTOR,0.7811,
meta-llama/Llama-3.2-3B,implicit,gate2,abl_CD,19,black,8977885,WRONG_DISTRACTOR,0.7633,
meta-llama/Llama-3.2-3B,implicit,gate2,abl_CTRL,19,black,8977885,WRONG_DISTRACTOR,0.7801,
meta-llama/Llama-3.2-3B,implicit,gate2,full,20,maroon,1920912,WRONG_DISTRACTOR,0.8404,
meta-llama/Llama-3.2-3B,implicit,gate2,abl_AB,20,maroon,1920912,WRONG_DISTRACTOR,0.8273,
meta-llama/Llama-3.2-3B,implicit,gate2,abl_BC,20,maroon,1920912,WRONG_DISTRACTOR,0.8375,
meta-llama/Llama-3.2-3B,implicit,gate2,abl_CD,20,maroon,1920912,WRONG_DISTRACTOR,0.8288,
meta-llama/Llama-3.2-3B,implicit,gate2,abl_CTRL,20,maroon,1920912,WRONG_DISTRACTOR,0.8359,
meta-llama/Llama-3.2-3B,implicit,gate2,full,21,olive,6261778,WRONG_DISTRACTOR,0.7889,
meta-llama/Llama-3.2-3B,implicit,gate2,abl_AB,21,olive,6261778,WRONG_DISTRACTOR,0.8035,
meta-llama/Llama-3.2-3B,implicit,gate2,abl_BC,21,olive,6261778,WRONG_DISTRACTOR,0.8055,
meta-llama/Llama-3.2-3B,implicit,gate2,abl_CD,21,olive,6261778,WRONG_DISTRACTOR,0.7848,
meta-llama/Llama-3.2-3B,implicit,gate2,abl_CTRL,21,olive,6261778,WRONG_DISTRACTOR,0.808,
meta-llama/Llama-3.2-3B,implicit,gate2,full,22,black,4767327,CORRECT,0.7801,
meta-llama/Llama-3.2-3B,implicit,gate2,abl_AB,22,black,4767327,CORRECT,0.7934,
meta-llama/Llama-3.2-3B,implicit,gate2,abl_BC,22,black,4767327,CORRECT,0.7753,
meta-llama/Llama-3.2-3B,implicit,gate2,abl_CD,22,black,4767327,WRONG_DISTRACTOR,0.7594,
meta-llama/Llama-3.2-3B,implicit,gate2,abl_CTRL,22,black,4767327,CORRECT,0.7833,
meta-llama/Llama-3.2-3B,implicit,gate2,full,23,indigo,9899117,WRONG_DISTRACTOR,0.7505,
meta-llama/Llama-3.2-3B,implicit,gate2,abl_AB,23,indigo,9899117,WRONG_DISTRACTOR,0.7788,
meta-llama/Llama-3.2-3B,implicit,gate2,abl_BC,23,indigo,9899117,WRONG_DISTRACTOR,0.749,
meta-llama/Llama-3.2-3B,implicit,gate2,abl_CD,23,indigo,9899117,WRONG_DISTRACTOR,0.7219,
meta-llama/Llama-3.2-3B,implicit,gate2,abl_CTRL,23,indigo,9899117,WRONG_DISTRACTOR,0.7488,
meta-llama/Llama-3.2-3B,implicit,gate2,full,24,ivory,1948731,WRONG_DISTRACTOR,0.8186,
meta-llama/Llama-3.2-3B,implicit,gate2,abl_AB,24,ivory,1948731,WRONG_DISTRACTOR,0.8616,
meta-llama/Llama-3.2-3B,implicit,gate2,abl_BC,24,ivory,1948731,WRONG_DISTRACTOR,0.8344,
meta-llama/Llama-3.2-3B,implicit,gate2,abl_CD,24,ivory,1948731,WRONG_DISTRACTOR,0.8207,
meta-llama/Llama-3.2-3B,implicit,gate2,abl_CTRL,24,ivory,1948731,WRONG_DISTRACTOR,0.8368,
meta-llama/Llama-3.2-3B,implicit,gate2,full,25,grey,8827166,WRONG_DISTRACTOR,0.7567,
meta-llama/Llama-3.2-3B,implicit,gate2,abl_AB,25,grey,8827166,WRONG_DISTRACTOR,0.7552,
meta-llama/Llama-3.2-3B,implicit,gate2,abl_BC,25,grey,8827166,WRONG_DISTRACTOR,0.7454,
meta-llama/Llama-3.2-3B,implicit,gate2,abl_CD,25,grey,8827166,WRONG_DISTRACTOR,0.68,
meta-llama/Llama-3.2-3B,implicit,gate2,abl_CTRL,25,grey,8827166,WRONG_DISTRACTOR,0.7548,
meta-llama/Llama-3.2-3B,implicit,gate2,full,26,green,2451349,CORRECT,0.8028,
meta-llama/Llama-3.2-3B,implicit,gate2,abl_AB,26,green,2451349,CORRECT,0.811,
meta-llama/Llama-3.2-3B,implicit,gate2,abl_BC,26,green,2451349,CORRECT,0.7996,
meta-llama/Llama-3.2-3B,implicit,gate2,abl_CD,26,green,2451349,WRONG_DISTRACTOR,0.7699,
meta-llama/Llama-3.2-3B,implicit,gate2,abl_CTRL,26,green,2451349,CORRECT,0.8008,
meta-llama/Llama-3.2-3B,implicit,gate2,full,27,grey,1348652,WRONG_DISTRACTOR,0.753,
meta-llama/Llama-3.2-3B,implicit,gate2,abl_AB,27,grey,1348652,CORRECT,0.7784,
meta-llama/Llama-3.2-3B,implicit,gate2,abl_BC,27,grey,1348652,WRONG_DISTRACTOR,0.752,
meta-llama/Llama-3.2-3B,implicit,gate2,abl_CD,27,grey,1348652,WRONG_DISTRACTOR,0.6256,
meta-llama/Llama-3.2-3B,implicit,gate2,abl_CTRL,27,grey,1348652,WRONG_DISTRACTOR,0.7494,
meta-llama/Llama-3.2-3B,implicit,gate2,full,28,maroon,1303623,WRONG_DISTRACTOR,0.7869,
meta-llama/Llama-3.2-3B,implicit,gate2,abl_AB,28,maroon,1303623,WRONG_DISTRACTOR,0.7879,
meta-llama/Llama-3.2-3B,implicit,gate2,abl_BC,28,maroon,1303623,WRONG_DISTRACTOR,0.7893,
meta-llama/Llama-3.2-3B,implicit,gate2,abl_CD,28,maroon,1303623,WRONG_DISTRACTOR,0.752,
meta-llama/Llama-3.2-3B,implicit,gate2,abl_CTRL,28,maroon,1303623,WRONG_DISTRACTOR,0.786,
meta-llama/Llama-3.2-3B,implicit,gate2,full,29,crimson,7653391,WRONG_DISTRACTOR,0.7885,
meta-llama/Llama-3.2-3B,implicit,gate2,abl_AB,29,crimson,7653391,WRONG_DISTRACTOR,0.8024,
meta-llama/Llama-3.2-3B,implicit,gate2,abl_BC,29,crimson,7653391,WRONG_DISTRACTOR,0.7694,
meta-llama/Llama-3.2-3B,implicit,gate2,abl_CD,29,crimson,7653391,WRONG_DISTRACTOR,0.7681,
meta-llama/Llama-3.2-3B,implicit,gate2,abl_CTRL,29,crimson,7653391,WRONG_DISTRACTOR,0.7907,
meta-llama/Llama-3.2-3B,implicit,gate2,full,30,violet,5697356,WRONG_DISTRACTOR,0.7322,
meta-llama/Llama-3.2-3B,implicit,gate2,abl_AB,30,violet,5697356,WRONG_DISTRACTOR,0.7498,
meta-llama/Llama-3.2-3B,implicit,gate2,abl_BC,30,violet,5697356,WRONG_DISTRACTOR,0.734,
meta-llama/Llama-3.2-3B,implicit,gate2,abl_CD,30,violet,5697356,WRONG_DISTRACTOR,0.7381,
meta-llama/Llama-3.2-3B,implicit,gate2,abl_CTRL,30,violet,5697356,WRONG_DISTRACTOR,0.7318,
meta-llama/Llama-3.2-3B,implicit,gate2,full,31,black,7216407,CORRECT,0.807,
meta-llama/Llama-3.2-3B,implicit,gate2,abl_AB,31,black,7216407,CORRECT,0.8197,
meta-llama/Llama-3.2-3B,implicit,gate2,abl_BC,31,black,7216407,CORRECT,0.8211,
meta-llama/Llama-3.2-3B,implicit,gate2,abl_CD,31,black,7216407,WRONG_DISTRACTOR,0.7933,
meta-llama/Llama-3.2-3B,implicit,gate2,abl_CTRL,31,black,7216407,CORRECT,0.804,
meta-llama/Llama-3.2-3B,implicit,gate2,full,32,maroon,7065828,WRONG_DISTRACTOR,0.7467,
meta-llama/Llama-3.2-3B,implicit,gate2,abl_AB,32,maroon,7065828,CORRECT,0.7693,
meta-llama/Llama-3.2-3B,implicit,gate2,abl_BC,32,maroon,7065828,WRONG_DISTRACTOR,0.7507,
meta-llama/Llama-3.2-3B,implicit,gate2,abl_CD,32,maroon,7065828,WRONG_DISTRACTOR,0.7511,
meta-llama/Llama-3.2-3B,implicit,gate2,abl_CTRL,32,maroon,7065828,WRONG_DISTRACTOR,0.7477,
meta-llama/Llama-3.2-3B,implicit,gate2,full,33,black,5805715,WRONG_DISTRACTOR,0.7793,
meta-llama/Llama-3.2-3B,implicit,gate2,abl_AB,33,black,5805715,WRONG_DISTRACTOR,0.7833,
meta-llama/Llama-3.2-3B,implicit,gate2,abl_BC,33,black,5805715,WRONG_DISTRACTOR,0.7948,
meta-llama/Llama-3.2-3B,implicit,gate2,abl_CD,33,black,5805715,WRONG_DISTRACTOR,0.7059,
meta-llama/Llama-3.2-3B,implicit,gate2,abl_CTRL,33,black,5805715,WRONG_DISTRACTOR,0.7807,
meta-llama/Llama-3.2-3B,implicit,gate2,full,34,scarlet,5713498,WRONG_DISTRACTOR,0.8182,
meta-llama/Llama-3.2-3B,implicit,gate2,abl_AB,34,scarlet,5713498,WRONG_DISTRACTOR,0.8321,
meta-llama/Llama-3.2-3B,implicit,gate2,abl_BC,34,scarlet,5713498,WRONG_DISTRACTOR,0.81,
meta-llama/Llama-3.2-3B,implicit,gate2,abl_CD,34,scarlet,5713498,WRONG_DISTRACTOR,0.8024,
meta-llama/Llama-3.2-3B,implicit,gate2,abl_CTRL,34,scarlet,5713498,WRONG_DISTRACTOR,0.7989,
meta-llama/Llama-3.2-3B,implicit,gate2,full,35,scarlet,3146044,CORRECT,0.7198,
meta-llama/Llama-3.2-3B,implicit,gate2,abl_AB,35,scarlet,3146044,CORRECT,0.7556,
meta-llama/Llama-3.2-3B,implicit,gate2,abl_BC,35,scarlet,3146044,CORRECT,0.7296,
meta-llama/Llama-3.2-3B,implicit,gate2,abl_CD,35,scarlet,3146044,WRONG_DISTRACTOR,0.6939,
meta-llama/Llama-3.2-3B,implicit,gate2,abl_CTRL,35,scarlet,3146044,CORRECT,0.7205,
meta-llama/Llama-3.2-3B,implicit,gate2,full,36,indigo,5772917,WRONG_DISTRACTOR,0.8376,
meta-llama/Llama-3.2-3B,implicit,gate2,abl_AB,36,indigo,5772917,WRONG_DISTRACTOR,0.8475,
meta-llama/Llama-3.2-3B,implicit,gate2,abl_BC,36,indigo,5772917,WRONG_DISTRACTOR,0.8546,
meta-llama/Llama-3.2-3B,implicit,gate2,abl_CD,36,indigo,5772917,WRONG_DISTRACTOR,0.7469,
meta-llama/Llama-3.2-3B,implicit,gate2,abl_CTRL,36,indigo,5772917,WRONG_DISTRACTOR,0.8527,
meta-llama/Llama-3.2-3B,implicit,gate2,full,37,ivory,6151849,WRONG_DISTRACTOR,0.8658,
meta-llama/Llama-3.2-3B,implicit,gate2,abl_AB,37,ivory,6151849,WRONG_DISTRACTOR,0.8647,
meta-llama/Llama-3.2-3B,implicit,gate2,abl_BC,37,ivory,6151849,WRONG_DISTRACTOR,0.8649,
meta-llama/Llama-3.2-3B,implicit,gate2,abl_CD,37,ivory,6151849,WRONG_DISTRACTOR,0.8551,
meta-llama/Llama-3.2-3B,implicit,gate2,abl_CTRL,37,ivory,6151849,WRONG_DISTRACTOR,0.8655,
meta-llama/Llama-3.2-3B,implicit,gate2,full,38,bronze,1743312,WRONG_DISTRACTOR,0.8391,
meta-llama/Llama-3.2-3B,implicit,gate2,abl_AB,38,bronze,1743312,WRONG_DISTRACTOR,0.8444,
meta-llama/Llama-3.2-3B,implicit,gate2,abl_BC,38,bronze,1743312,WRONG_DISTRACTOR,0.8487,
meta-llama/Llama-3.2-3B,implicit,gate2,abl_CD,38,bronze,1743312,WRONG_DISTRACTOR,0.8389,
meta-llama/Llama-3.2-3B,implicit,gate2,abl_CTRL,38,bronze,1743312,WRONG_DISTRACTOR,0.8394,
meta-llama/Llama-3.2-3B,implicit,gate2,full,39,white,1067738,CORRECT,0.841,
meta-llama/Llama-3.2-3B,implicit,gate2,abl_AB,39,white,1067738,CORRECT,0.845,
meta-llama/Llama-3.2-3B,implicit,gate2,abl_BC,39,white,1067738,CORRECT,0.8505,
meta-llama/Llama-3.2-3B,implicit,gate2,abl_CD,39,white,1067738,WRONG_DISTRACTOR,0.8413,
meta-llama/Llama-3.2-3B,implicit,gate2,abl_CTRL,39,white,1067738,CORRECT,0.8571,
meta-llama/Llama-3.2-3B,implicit,gate2,full,40,scarlet,2439594,WRONG_DISTRACTOR,0.7348,
meta-llama/Llama-3.2-3B,implicit,gate2,abl_AB,40,scarlet,2439594,WRONG_DISTRACTOR,0.7628,
meta-llama/Llama-3.2-3B,implicit,gate2,abl_BC,40,scarlet,2439594,WRONG_DISTRACTOR,0.7341,
meta-llama/Llama-3.2-3B,implicit,gate2,abl_CD,40,scarlet,2439594,WRONG_DISTRACTOR,0.7177,
meta-llama/Llama-3.2-3B,implicit,gate2,abl_CTRL,40,scarlet,2439594,WRONG_DISTRACTOR,0.7341,
meta-llama/Llama-3.2-3B,implicit,gate2,full,41,grey,4162380,CORRECT,0.813,
meta-llama/Llama-3.2-3B,implicit,gate2,abl_AB,41,grey,4162380,CORRECT,0.8371,
meta-llama/Llama-3.2-3B,implicit,gate2,abl_BC,41,grey,4162380,CORRECT,0.7948,
meta-llama/Llama-3.2-3B,implicit,gate2,abl_CD,41,grey,4162380,WRONG_DISTRACTOR,0.761,
meta-llama/Llama-3.2-3B,implicit,gate2,abl_CTRL,41,grey,4162380,CORRECT,0.8124,
meta-llama/Llama-3.2-3B,implicit,gate2,full,42,bronze,7645954,CORRECT,0.8685,
meta-llama/Llama-3.2-3B,implicit,gate2,abl_AB,42,bronze,7645954,CORRECT,0.8538,
meta-llama/Llama-3.2-3B,implicit,gate2,abl_BC,42,bronze,7645954,CORRECT,0.8632,
meta-llama/Llama-3.2-3B,implicit,gate2,abl_CD,42,bronze,7645954,WRONG_DISTRACTOR,0.7616,
meta-llama/Llama-3.2-3B,implicit,gate2,abl_CTRL,42,bronze,7645954,CORRECT,0.8539,
meta-llama/Llama-3.2-3B,implicit,gate2,full,43,white,2618759,CORRECT,0.8511,
meta-llama/Llama-3.2-3B,implicit,gate2,abl_AB,43,white,2618759,CORRECT,0.8526,
meta-llama/Llama-3.2-3B,implicit,gate2,abl_BC,43,white,2618759,CORRECT,0.8598,
meta-llama/Llama-3.2-3B,implicit,gate2,abl_CD,43,white,2618759,WRONG_DISTRACTOR,0.8423,
meta-llama/Llama-3.2-3B,implicit,gate2,abl_CTRL,43,white,2618759,CORRECT,0.8658,
meta-llama/Llama-3.2-3B,implicit,gate2,full,44,grey,1066539,CORRECT,0.7688,
meta-llama/Llama-3.2-3B,implicit,gate2,abl_AB,44,grey,1066539,CORRECT,0.7718,
meta-llama/Llama-3.2-3B,implicit,gate2,abl_BC,44,grey,1066539,CORRECT,0.7693,
meta-llama/Llama-3.2-3B,implicit,gate2,abl_CD,44,grey,1066539,WRONG_DISTRACTOR,0.7379,
meta-llama/Llama-3.2-3B,implicit,gate2,abl_CTRL,44,grey,1066539,CORRECT,0.7683,
meta-llama/Llama-3.2-3B,implicit,gate2,full,45,teal,4795090,WRONG_DISTRACTOR,0.7686,
meta-llama/Llama-3.2-3B,implicit,gate2,abl_AB,45,teal,4795090,WRONG_DISTRACTOR,0.7953,
meta-llama/Llama-3.2-3B,implicit,gate2,abl_BC,45,teal,4795090,WRONG_DISTRACTOR,0.7691,
meta-llama/Llama-3.2-3B,implicit,gate2,abl_CD,45,teal,4795090,WRONG_DISTRACTOR,0.7343,
meta-llama/Llama-3.2-3B,implicit,gate2,abl_CTRL,45,teal,4795090,WRONG_DISTRACTOR,0.7691,
meta-llama/Llama-3.2-3B,implicit,gate2,full,46,navy,1349608,WRONG_DISTRACTOR,0.8531,
meta-llama/Llama-3.2-3B,implicit,gate2,abl_AB,46,navy,1349608,WRONG_DISTRACTOR,0.859,
meta-llama/Llama-3.2-3B,implicit,gate2,abl_BC,46,navy,1349608,WRONG_DISTRACTOR,0.8542,
meta-llama/Llama-3.2-3B,implicit,gate2,abl_CD,46,navy,1349608,WRONG_DISTRACTOR,0.8538,
meta-llama/Llama-3.2-3B,implicit,gate2,abl_CTRL,46,navy,1349608,WRONG_DISTRACTOR,0.8538,
meta-llama/Llama-3.2-3B,implicit,gate2,full,47,black,3634599,WRONG_DISTRACTOR,0.804,
meta-llama/Llama-3.2-3B,implicit,gate2,abl_AB,47,black,3634599,WRONG_DISTRACTOR,0.815,
meta-llama/Llama-3.2-3B,implicit,gate2,abl_BC,47,black,3634599,WRONG_DISTRACTOR,0.8032,
meta-llama/Llama-3.2-3B,implicit,gate2,abl_CD,47,black,3634599,WRONG_DISTRACTOR,0.8131,
meta-llama/Llama-3.2-3B,implicit,gate2,abl_CTRL,47,black,3634599,WRONG_DISTRACTOR,0.807,
meta-llama/Llama-3.2-3B,implicit,gate2,full,48,violet,9455034,WRONG_DISTRACTOR,0.7748,
meta-llama/Llama-3.2-3B,implicit,gate2,abl_AB,48,violet,9455034,WRONG_DISTRACTOR,0.7844,
meta-llama/Llama-3.2-3B,implicit,gate2,abl_BC,48,violet,9455034,WRONG_DISTRACTOR,0.7633,
meta-llama/Llama-3.2-3B,implicit,gate2,abl_CD,48,violet,9455034,WRONG_DISTRACTOR,0.7158,
meta-llama/Llama-3.2-3B,implicit,gate2,abl_CTRL,48,violet,9455034,WRONG_DISTRACTOR,0.7691,
meta-llama/Llama-3.2-3B,implicit,gate2,full,49,scarlet,6012756,WRONG_DISTRACTOR,0.7869,
meta-llama/Llama-3.2-3B,implicit,gate2,abl_AB,49,scarlet,6012756,WRONG_DISTRACTOR,0.7858,
meta-llama/Llama-3.2-3B,implicit,gate2,abl_BC,49,scarlet,6012756,WRONG_DISTRACTOR,0.7826,
meta-llama/Llama-3.2-3B,implicit,gate2,abl_CD,49,scarlet,6012756,WRONG_DISTRACTOR,0.7135,
meta-llama/Llama-3.2-3B,implicit,gate2,abl_CTRL,49,scarlet,6012756,WRONG_DISTRACTOR,0.7887,
meta-llama/Llama-3.2-3B,implicit,gate2,full,50,amber,5248831,WRONG_DISTRACTOR,0.7615,
meta-llama/Llama-3.2-3B,implicit,gate2,abl_AB,50,amber,5248831,WRONG_DISTRACTOR,0.7834,
meta-llama/Llama-3.2-3B,implicit,gate2,abl_BC,50,amber,5248831,WRONG_DISTRACTOR,0.7608,
meta-llama/Llama-3.2-3B,implicit,gate2,abl_CD,50,amber,5248831,WRONG_DISTRACTOR,0.7564,
meta-llama/Llama-3.2-3B,implicit,gate2,abl_CTRL,50,amber,5248831,WRONG_DISTRACTOR,0.7596,
meta-llama/Llama-3.2-3B,implicit,gate2,full,51,red,1659098,WRONG_DISTRACTOR,0.7542,
meta-llama/Llama-3.2-3B,implicit,gate2,abl_AB,51,red,1659098,WRONG_DISTRACTOR,0.7926,
meta-llama/Llama-3.2-3B,implicit,gate2,abl_BC,51,red,1659098,WRONG_DISTRACTOR,0.7675,
meta-llama/Llama-3.2-3B,implicit,gate2,abl_CD,51,red,1659098,WRONG_DISTRACTOR,0.7388,
meta-llama/Llama-3.2-3B,implicit,gate2,abl_CTRL,51,red,1659098,WRONG_DISTRACTOR,0.7532,
meta-llama/Llama-3.2-3B,implicit,gate2,full,52,scarlet,4654188,WRONG_DISTRACTOR,0.7854,
meta-llama/Llama-3.2-3B,implicit,gate2,abl_AB,52,scarlet,4654188,WRONG_DISTRACTOR,0.776,
meta-llama/Llama-3.2-3B,implicit,gate2,abl_BC,52,scarlet,4654188,WRONG_DISTRACTOR,0.784,
meta-llama/Llama-3.2-3B,implicit,gate2,abl_CD,52,scarlet,4654188,WRONG_DISTRACTOR,0.7711,
meta-llama/Llama-3.2-3B,implicit,gate2,abl_CTRL,52,scarlet,4654188,WRONG_DISTRACTOR,0.7863,
meta-llama/Llama-3.2-3B,implicit,gate2,full,53,blue,7515983,CORRECT,0.7593,
meta-llama/Llama-3.2-3B,implicit,gate2,abl_AB,53,blue,7515983,CORRECT,0.7629,
meta-llama/Llama-3.2-3B,implicit,gate2,abl_BC,53,blue,7515983,CORRECT,0.7636,
meta-llama/Llama-3.2-3B,implicit,gate2,abl_CD,53,blue,7515983,WRONG_DISTRACTOR,0.7465,
meta-llama/Llama-3.2-3B,implicit,gate2,abl_CTRL,53,blue,7515983,CORRECT,0.7629,
meta-llama/Llama-3.2-3B,implicit,gate2,full,54,navy,1495937,CORRECT,0.8465,
meta-llama/Llama-3.2-3B,implicit,gate2,abl_AB,54,navy,1495937,CORRECT,0.8583,
meta-llama/Llama-3.2-3B,implicit,gate2,abl_BC,54,navy,1495937,CORRECT,0.847,
meta-llama/Llama-3.2-3B,implicit,gate2,abl_CD,54,navy,1495937,WRONG_DISTRACTOR,0.7148,
meta-llama/Llama-3.2-3B,implicit,gate2,abl_CTRL,54,navy,1495937,CORRECT,0.8474,
meta-llama/Llama-3.2-3B,implicit,gate2,full,55,ivory,4195089,CORRECT,0.7626,
meta-llama/Llama-3.2-3B,implicit,gate2,abl_AB,55,ivory,4195089,CORRECT,0.7687,
meta-llama/Llama-3.2-3B,implicit,gate2,abl_BC,55,ivory,4195089,CORRECT,0.7621,
meta-llama/Llama-3.2-3B,implicit,gate2,abl_CD,55,ivory,4195089,WRONG_DISTRACTOR,0.6765,
meta-llama/Llama-3.2-3B,implicit,gate2,abl_CTRL,55,ivory,4195089,CORRECT,0.7583,
meta-llama/Llama-3.2-3B,implicit,gate2,full,56,ivory,5476179,CORRECT,0.7673,
meta-llama/Llama-3.2-3B,implicit,gate2,abl_AB,56,ivory,5476179,CORRECT,0.7706,
meta-llama/Llama-3.2-3B,implicit,gate2,abl_BC,56,ivory,5476179,CORRECT,0.7655,
meta-llama/Llama-3.2-3B,implicit,gate2,abl_CD,56,ivory,5476179,WRONG_DISTRACTOR,0.7527,
meta-llama/Llama-3.2-3B,implicit,gate2,abl_CTRL,56,ivory,5476179,CORRECT,0.764,
meta-llama/Llama-3.2-3B,implicit,gate2,full,57,ivory,7492530,WRONG_DISTRACTOR,0.8117,
meta-llama/Llama-3.2-3B,implicit,gate2,abl_AB,57,ivory,7492530,WRONG_DISTRACTOR,0.8069,
meta-llama/Llama-3.2-3B,implicit,gate2,abl_BC,57,ivory,7492530,WRONG_DISTRACTOR,0.8114,
meta-llama/Llama-3.2-3B,implicit,gate2,abl_CD,57,ivory,7492530,WRONG_DISTRACTOR,0.7865,
meta-llama/Llama-3.2-3B,implicit,gate2,abl_CTRL,57,ivory,7492530,WRONG_DISTRACTOR,0.8095,
meta-llama/Llama-3.2-3B,implicit,gate2,full,58,navy,5893206,WRONG_DISTRACTOR,0.8379,
meta-llama/Llama-3.2-3B,implicit,gate2,abl_AB,58,navy,5893206,WRONG_DISTRACTOR,0.8361,
meta-llama/Llama-3.2-3B,implicit,gate2,abl_BC,58,navy,5893206,WRONG_DISTRACTOR,0.8391,
meta-llama/Llama-3.2-3B,implicit,gate2,abl_CD,58,navy,5893206,WRONG_DISTRACTOR,0.7586,
meta-llama/Llama-3.2-3B,implicit,gate2,abl_CTRL,58,navy,5893206,WRONG_DISTRACTOR,0.8374,
meta-llama/Llama-3.2-3B,implicit,gate2,full,59,bronze,4714574,WRONG_DISTRACTOR,0.7753,
meta-llama/Llama-3.2-3B,implicit,gate2,abl_AB,59,bronze,4714574,WRONG_DISTRACTOR,0.7866,
meta-llama/Llama-3.2-3B,implicit,gate2,abl_BC,59,bronze,4714574,WRONG_DISTRACTOR,0.7761,
meta-llama/Llama-3.2-3B,implicit,gate2,abl_CD,59,bronze,4714574,WRONG_DISTRACTOR,0.7573,
meta-llama/Llama-3.2-3B,implicit,gate2,abl_CTRL,59,bronze,4714574,WRONG_DISTRACTOR,0.7747,
